MeetingID,MeetingDate,TrackName,RaceNumber,RaceTime,Distance,GreyhoundID,GreyhoundName,Box,CurrentOdds,CareerPrizeMoney,IsWinner,HistAvgSplit,HistAvgPace,BoxAdj,PredictedSplit,RaceKey,PIRRank,PaceRank,ImpliedProb,MarketOverround,EfficientMarket,IsPIRLeader,IsPaceLeader,IsPaceTop3,HasMoney,InOddsRange,Stake,Return,Profit,Month
5144,2025-06-02,Q2 Parklands,3,2025-06-02T00:00:00.000Z,600,303720,AKELA KUNG FU,3,9.0,45335.0,0,4.0,-17.40259629533216,-0.1,3.9,5144_R3,1.0,1.0,0.1111111111111111,502.24617264699907,True,True,True,True,True,True,1.0,0.0,-1.0,2025-06
5154,2025-06-07,Q2 Parklands,3,2025-06-07T00:00:00.000Z,710,292796,FIRETHORN,4,2.4,48105.0,0,3.2,-19.30185877792031,0.0,3.2,5154_R3,1.0,1.0,0.4166666666666667,492.22812418349304,True,True,True,True,True,True,0.5,0.0,-0.5,2025-06
5165,2025-06-12,Q2 Parklands,1,2025-06-12T00:00:00.000Z,520,299053,PROPER STAR,4,5.5,33670.0,0,2.6,-12.70003689945914,0.0,2.6,5165_R1,1.0,1.0,0.18181818181818182,72.72727272727273,True,True,True,True,True,True,1.0,0.0,-1.0,2025-06
5165,2025-06-12,Q2 Parklands,6,2025-06-12T00:00:00.000Z,710,405417,MIGHT HAVE BEEN,1,5.0,214857.0,0,3.0,-13.257811954191805,-0.3,2.7,5165_R6,1.0,1.0,0.2,503.113850918729,True,True,True,True,True,True,1.0,0.0,-1.0,2025-06
5177,2025-06-18,Rockhampton,8,2025-06-18T00:00:00.000Z,407,303119,TOO MUCH SCOTCH,2,11.0,32890.0,0,3.4,-13.985343269653294,-0.2,3.1999999999999997,5177_R8,1.0,1.0,0.09090909090909091,309.09090909090907,True,True,True,True,True,True,1.5,0.0,-1.5,2025-06
5179,2025-06-19,Q2 Parklands,12,2025-06-19T00:00:00.000Z,520,416358,BOGIE GALE,4,7.5,34175.0,0,3.0,-18.155659885071298,0.0,3.0,5179_R12,1.0,1.0,0.13333333333333333,478.90480592567883,True,True,True,True,True,True,1.0,0.0,-1.0,2025-06
5188,2025-06-24,Townsville,1,2025-06-24T00:00:00.000Z,380,362298,INSTINCTIVELY,8,2.4,33805.0,1,1.4,-5.058482566280633,0.3,1.7,5188_R1,1.0,1.0,0.4166666666666667,166.66666666666669,True,True,True,True,True,True,0.5,1.2,0.7,2025-06
5188,2025-06-24,Townsville,7,2025-06-24T00:00:00.000Z,498,392550,HARA'S COOKIE,5,2.25,107640.0,1,3.6,-3.3608529341829345,0.0,3.6,5188_R7,1.0,1.0,0.4444444444444444,177.77777777777777,True,True,True,True,True,True,0.5,1.125,0.625,2025-06
5188,2025-06-24,Townsville,8,2025-06-24T00:00:00.000Z,498,362786,FEDERAL REMARK,7,4.2,118155.0,1,3.6,-4.358922831748275,0.2,3.8000000000000003,5188_R8,1.0,1.0,0.23809523809523808,95.23809523809523,True,True,True,True,True,True,0.75,3.1500000000000004,2.4000000000000004,2025-06
5188,2025-06-24,Townsville,10,2025-06-24T00:00:00.000Z,380,299838,DRINK SHIRAZ,8,2.4,32540.0,1,3.8,-3.6694524840310088,0.3,4.1,5188_R10,1.0,1.0,0.4166666666666667,166.66666666666669,True,True,True,True,True,True,0.5,1.2,0.7,2025-06
5198,2025-06-29,Albion Park,7,2025-06-29T00:00:00.000Z,331,298894,KEEP YOU POSTED,2,17.0,56945.0,0,3.2,-19.243385161988893,-0.2,3.0,5198_R7,1.0,1.0,0.058823529411764705,496.61743485272893,True,True,True,True,True,True,1.5,0.0,-1.5,2025-06
5216,2025-06-05,Sandown Park,4,2025-06-05T00:00:00.000Z,595,281026,PAW ERINA,1,5.0,57296.875,0,3.6,-14.753297167961316,-0.3,3.3000000000000003,5216_R4,1.0,1.0,0.2,472.54027198247337,True,True,True,True,True,True,1.0,0.0,-1.0,2025-06
5216,2025-06-05,Sandown Park,5,2025-06-05T00:00:00.000Z,715,346335,IF ONLY,2,4.5,48535.0,0,2.8,-19.30138931281203,-0.2,2.5999999999999996,5216_R5,1.0,1.0,0.2222222222222222,473.35114586727485,True,True,True,True,True,True,0.75,0.0,-0.75,2025-06
5216,2025-06-05,Sandown Park,6,2025-06-05T00:00:00.000Z,595,280983,DEWANA FERNANDO,3,19.7,121695.0,0,2.0,-16.702486349493334,-0.1,1.9,5216_R6,1.0,1.0,0.050761421319796954,480.72671569492877,True,True,True,True,True,True,1.5,0.0,-1.5,2025-06
5217,2025-06-05,Shepparton,12,2025-06-05T00:00:00.000Z,390,286662,ON A MISSION,5,3.3,42410.0,0,2.4,-10.1560240933506,0.0,2.4,5217_R12,1.0,1.0,0.30303030303030304,452.55699856283667,True,True,True,True,True,True,0.75,0.0,-0.75,2025-06
5219,2025-06-06,Bendigo,7,2025-06-06T00:00:00.000Z,500,346321,URANA COBALT,2,4.2,32140.0,0,3.0,-14.46062288064021,-0.2,2.8,5219_R7,1.0,1.0,0.23809523809523808,445.0671550671551,True,True,True,True,True,True,0.75,0.0,-0.75,2025-06
5220,2025-06-06,Geelong,10,2025-06-06T00:00:00.000Z,460,281793,KURNAI BOLT,6,1.8,41755.0,1,1.8,-21.395588398041497,0.1,1.9000000000000001,5220_R10,1.0,1.0,0.5555555555555556,472.7012629189926,True,True,True,True,True,True,0.5,0.9,0.4,2025-06
5222,2025-06-06,Warragul,3,2025-06-06T00:00:00.000Z,400,280858,DR. UNITED,2,16.7,53720.0,0,3.0,-14.466810850955406,-0.2,2.8,5222_R3,1.0,1.0,0.059880239520958084,481.07183136807726,True,True,True,True,True,True,1.5,0.0,-1.5,2025-06
5238,2025-06-12,Sandown Park,4,2025-06-12T00:00:00.000Z,595,281031,MISTER MANFREDI,1,3.4,49565.0,1,4.0,-18.43033884093535,-0.3,3.7,5238_R4,1.0,1.0,0.29411764705882354,476.1391223155929,True,True,True,True,True,True,0.75,2.55,1.7999999999999998,2025-06
5238,2025-06-12,Sandown Park,6,2025-06-12T00:00:00.000Z,595,280983,DEWANA FERNANDO,7,10.0,121695.0,0,2.0,-11.783189010836848,0.2,2.2,5238_R6,1.0,1.0,0.1,484.35286935286933,True,True,True,True,True,True,1.5,0.0,-1.5,2025-06
5238,2025-06-12,Sandown Park,7,2025-06-12T00:00:00.000Z,595,380245,EL CRIMP ADORE,4,8.0,63694.19642,0,2.8,-12.992142262305824,0.0,2.8,5238_R7,1.0,1.0,0.125,460.2564102564102,True,True,True,True,True,True,1.0,0.0,-1.0,2025-06
5238,2025-06-12,Sandown Park,12,2025-06-12T00:00:00.000Z,515,281140,TICK RETURNS,7,12.0,30425.0,0,2.2,-13.278439583808865,0.2,2.4000000000000004,5238_R12,1.0,1.0,0.08333333333333333,499.97239475500345,True,True,True,True,True,True,1.5,0.0,-1.5,2025-06
5242,2025-06-13,Bendigo,7,2025-06-13T00:00:00.000Z,425,281793,KURNAI BOLT,4,2.6,41755.0,1,1.6,-14.113769465312421,0.0,1.6,5242_R7,1.0,1.0,0.3846153846153846,475.0537721908185,True,True,True,True,True,True,0.5,1.3,0.8,2025-06
5242,2025-06-13,Bendigo,8,2025-06-13T00:00:00.000Z,500,291278,ZIPPING MOFFAT,6,18.1,39215.0,0,2.4,-18.05998330084895,0.1,2.5,5242_R8,1.0,1.0,0.055248618784530384,465.895550595699,True,True,True,True,True,True,1.5,0.0,-1.5,2025-06
5249,2025-06-15,Sale,12,2025-06-15T00:00:00.000Z,435,282915,BROCKY SANDS,3,17.4,50124.10714,0,2.4,-14.912453181506445,-0.1,2.3,5249_R12,1.0,1.0,0.0574712643678161,473.2428794856718,True,True,True,True,True,True,1.5,0.0,-1.5,2025-06
5252,2025-06-16,Shepparton,10,2025-06-16T00:00:00.000Z,450,285502,TINKER CONALL,1,8.0,34040.0,0,3.6,-14.050013130375163,-0.3,3.3000000000000003,5252_R10,1.0,1.0,0.125,417.88766788766793,True,True,True,True,True,True,1.0,0.0,-1.0,2025-06
5257,2025-06-18,Ballarat,7,2025-06-18T00:00:00.000Z,450,344735,FLYING CURRENCY,3,3.4,39975.0,1,2.4,-11.816063306776655,-0.1,2.3,5257_R7,1.0,1.0,0.29411764705882354,508.8680600445306,True,True,True,True,True,True,0.75,2.55,1.7999999999999998,2025-06
5263,2025-06-19,Warrnambool,6,2025-06-19T00:00:00.000Z,450,281559,PAW LAUREN,2,5.1,39880.0,0,2.6,-9.095779881213451,-0.2,2.4,5263_R6,1.0,1.0,0.19607843137254904,479.06755207865046,True,True,True,True,True,True,1.0,0.0,-1.0,2025-06
5270,2025-06-21,The Meadows,3,2025-06-21T00:00:00.000Z,525,281011,PAW ULTRA,8,17.2,34560.0,0,3.8,-16.464051769760374,0.3,4.1,5270_R3,1.0,1.0,0.05813953488372093,480.46026603398104,True,True,True,True,True,True,1.5,0.0,-1.5,2025-06
5270,2025-06-21,The Meadows,12,2025-06-21T00:00:00.000Z,525,281140,TICK RETURNS,6,10.3,30425.0,0,2.0,-16.800063745575322,0.1,2.1,5270_R12,1.0,1.0,0.0970873786407767,472.5670973951471,True,True,True,True,True,True,1.5,0.0,-1.5,2025-06
5273,2025-06-23,Ballarat,6,2025-06-23T00:00:00.000Z,450,285502,TINKER CONALL,5,10.1,34040.0,0,3.2,-18.78605038426702,0.0,3.2,5273_R6,1.0,1.0,0.09900990099009901,473.9915012149843,True,True,True,True,True,True,1.5,0.0,-1.5,2025-06
5282,2025-06-25,Healesville,8,2025-06-25T00:00:00.000Z,350,281706,CASH NOW,3,1.8,37348.57142,1,3.8,-18.04657373526303,-0.1,3.6999999999999997,5282_R8,1.0,1.0,0.5555555555555556,473.44952551728204,True,True,True,True,True,True,0.5,0.9,0.4,2025-06
5284,2025-06-26,Sandown Park,8,2025-06-26T00:00:00.000Z,595,381691,GROOVEBIRD,3,15.2,193243.0,0,2.2,-12.46492678198712,-0.1,2.1,5284_R8,1.0,1.0,0.06578947368421052,472.1686033264981,True,True,True,True,True,True,1.5,0.0,-1.5,2025-06
5284,2025-06-26,Sandown Park,9,2025-06-26T00:00:00.000Z,595,283769,SUNSET WISP,6,8.3,57835.0,1,2.8,-16.042933046036826,0.1,2.9,5284_R9,1.0,1.0,0.12048192771084336,357.47357219816934,True,True,True,True,True,True,1.0,8.3,7.300000000000001,2025-06
5284,2025-06-26,Sandown Park,11,2025-06-26T00:00:00.000Z,515,282122,PAW TIKA,2,9.8,54620.0,0,1.4,-13.397060980329178,-0.2,1.2,5284_R11,1.0,1.0,0.1020408163265306,470.4343016364817,True,True,True,True,True,True,1.0,0.0,-1.0,2025-06
5073,2025-06-24,Murray Bridge (MBS),1,2025-06-24T00:00:00.000Z,300,306086,FANTASTIC ADA,1,4.0,61560.0,0,3.2,-11.782361779754666,-0.3,2.9000000000000004,5073_R1,1.0,1.0,0.25,462.69727403156384,True,True,True,True,True,True,0.75,0.0,-0.75,2025-06
5315,2025-06-06,The Gardens,7,2025-06-06T00:00:00.000Z,515,291415,GOOD LUCK BUCK,8,18.0,41075.0,0,2.6,-17.200178082356295,0.3,2.9,5315_R7,1.0,1.0,0.05555555555555555,493.9313440556191,True,True,True,True,True,True,1.5,0.0,-1.5,2025-06
5316,2025-06-06,Goulburn,6,2025-06-06T00:00:00.000Z,350,400210,HARMONY FIRE,8,1.75,57900.0,1,4.2,-5.679060373902795,0.3,4.5,5316_R6,1.0,1.0,0.5714285714285714,228.57142857142856,True,True,True,True,True,True,0.5,0.875,0.375,2025-06
5322,2025-06-07,Wentworth Park,9,2025-06-07T00:00:00.000Z,520,291155,COAST RIG,3,18.0,131185.0,0,1.8,-16.58783066259674,-0.1,1.7,5322_R9,1.0,1.0,0.05555555555555555,484.9053633367359,True,True,True,True,True,True,1.5,0.0,-1.5,2025-06
5329,2025-06-10,Bulli,11,2025-06-10T00:00:00.000Z,400,297610,WOOLGOOLGA LASS,2,4.6,30195.0,0,3.4,-12.047214427447493,-0.2,3.1999999999999997,5329_R11,1.0,1.0,0.2173913043478261,467.57608139094816,True,True,True,True,True,True,0.75,0.0,-0.75,2025-06
5341,2025-06-13,Goulburn,4,2025-06-13T00:00:00.000Z,350,400199,ZIGGY GIRL,4,5.5,39935.0,1,4.0,-15.104575694039482,0.0,4.0,5341_R4,1.0,1.0,0.18181818181818182,72.72727272727273,True,True,True,True,True,True,1.0,5.5,4.5,2025-06
5341,2025-06-13,Goulburn,9,2025-06-13T00:00:00.000Z,350,400333,ARTHUR OR MARTHA,1,3.9,30270.0,1,6.0,-15.09133928946041,-0.3,5.7,5341_R9,1.0,1.0,0.25641025641025644,102.56410256410258,True,True,True,True,True,True,0.75,2.925,2.175,2025-06
5341,2025-06-13,Goulburn,11,2025-06-13T00:00:00.000Z,440,400204,BANJO'S EXPRESS,7,14.0,36325.0,1,4.0,-13.09133691262823,0.2,4.2,5341_R11,1.0,1.0,0.07142857142857142,28.57142857142857,True,True,True,True,True,True,1.5,21.0,19.5,2025-06
5352,2025-06-16,Maitland,10,2025-06-16T00:00:00.000Z,400,292500,TRIUMPH,2,2.9,142755.0,0,4.0,-15.40169341182661,-0.2,3.8,5352_R10,1.0,1.0,0.3448275862068966,567.1770332673816,True,True,True,True,True,True,0.5,0.0,-0.5,2025-06
5379,2025-06-23,Nowra,6,2025-06-23T00:00:00.000Z,520,292815,SKEDADDLE ARLO,5,3.5,48245.0,1,2.6,-13.082630202483259,0.0,2.6,5379_R6,1.0,1.0,0.2857142857142857,476.4705882352941,True,True,True,True,True,True,0.75,2.625,1.875,2025-06
5392,2025-06-27,Goulburn,4,2025-06-27T00:00:00.000Z,350,292503,BIG BANG BUSTER,1,3.4,35175.0,1,6.8,-17.94799420467017,-0.3,6.5,5392_R4,1.0,1.0,0.29411764705882354,117.64705882352942,True,True,True,True,True,True,0.75,2.55,1.7999999999999998,2025-06
5392,2025-06-27,Goulburn,5,2025-06-27T00:00:00.000Z,350,380340,ZIPPING KERR,5,3.0,38820.0,0,4.8,-17.101493794149647,0.0,4.8,5392_R5,1.0,1.0,0.3333333333333333,133.33333333333331,True,True,True,True,True,True,0.75,0.0,-0.75,2025-06
5087,2025-06-09,Northam,11,2025-06-09T00:00:00.000Z,509,444315,ASTON SMOKEY,2,1.8,109155.0,1,3.2,-14.30142774762803,-0.2,3.0,5087_R11,1.0,1.0,0.5555555555555556,491.24477820129994,True,True,True,True,True,True,0.5,0.9,0.4,2025-06
5092,2025-06-14,Cannington,11,2025-06-14T00:00:00.000Z,601,306600,FERNDALE FLYER,4,2.35,39986.0,0,3.0,-16.440468072600176,0.0,3.0,5092_R11,1.0,1.0,0.425531914893617,481.53890739800465,True,True,True,True,True,True,0.5,0.0,-0.5,2025-06
5093,2025-06-16,Northam,6,2025-06-16T00:00:00.000Z,509,370224,ASTON BOLLINGER,6,1.85,69487.0,1,3.0,-12.469632353519987,0.1,3.1,5093_R6,1.0,1.0,0.5405405405405405,472.9677725263463,True,True,True,True,True,True,0.5,0.925,0.42500000000000004,2025-06
5036,2025-06-19,Hobart,10,2025-06-19T00:00:00.000Z,340,309080,LOVE IS GONE,1,5.0,65247.5,0,2.6,-13.604505738901562,-0.3,2.3000000000000003,5036_R10,1.0,1.0,0.2,498.6620397146713,True,True,True,True,True,True,1.0,0.0,-1.0,2025-06
5496,2025-07-03,Q1 Lakeside,6,2025-07-03T00:00:00.000Z,457,291761,DISTANCE DRUMS,4,4.6,31515.0,0,2.4,-16.062314698909308,0.0,2.4,5496_R6,1.0,1.0,0.2173913043478261,494.52834219020787,True,True,True,True,True,True,0.75,0.0,-0.75,2025-07
5506,2025-07-10,Q1 Lakeside,3,2025-07-10T00:00:00.000Z,550,299087,JEREMIAH FIRE,8,6.5,138035.0,0,2.0,-13.533651384901583,0.3,2.3,5506_R3,1.0,1.0,0.15384615384615385,495.9890562979807,True,True,True,True,True,True,1.0,0.0,-1.0,2025-07
5508,2025-07-11,Q1 Lakeside,12,2025-07-11T00:00:00.000Z,390,392782,JUDGED,1,6.5,44685.0,0,3.6,-17.979105158132114,-0.3,3.3000000000000003,5508_R12,1.0,1.0,0.15384615384615385,492.2167741392992,True,True,True,True,True,True,1.0,0.0,-1.0,2025-07
5528,2025-07-22,Townsville,1,2025-07-22T00:00:00.000Z,380,299864,CUBAN EIGHT,3,10.0,52875.0,1,1.6,-6.773800258583719,-0.1,1.5,5528_R1,1.0,1.0,0.1,40.0,True,True,True,True,True,True,1.5,15.0,13.5,2025-07
5528,2025-07-22,Townsville,2,2025-07-22T00:00:00.000Z,498,301754,ASHY BEAR,7,5.0,30685.0,1,3.2,-4.997290950876443,0.2,3.4000000000000004,5528_R2,1.0,1.0,0.2,80.0,True,True,True,True,True,True,1.0,5.0,4.0,2025-07
5528,2025-07-22,Townsville,7,2025-07-22T00:00:00.000Z,380,299866,JIMMY ROO,3,2.25,104005.0,1,3.0,1.0432851310855564,-0.1,2.9,5528_R7,1.0,1.0,0.4444444444444444,177.77777777777777,True,True,True,True,True,True,0.5,1.125,0.625,2025-07
5528,2025-07-22,Townsville,8,2025-07-22T00:00:00.000Z,498,362786,FEDERAL REMARK,1,2.4,118155.0,1,3.0,-1.6529131007558568,-0.3,2.7,5528_R8,1.0,1.0,0.4166666666666667,166.66666666666669,True,True,True,True,True,True,0.5,1.2,0.7,2025-07
5528,2025-07-22,Townsville,10,2025-07-22T00:00:00.000Z,380,333234,JUPITER,6,9.5,75420.0,0,4.0,-3.9695014545492087,0.1,4.1,5528_R10,1.0,1.0,0.10526315789473684,42.10526315789473,True,True,True,True,True,True,1.0,0.0,-1.0,2025-07
5528,2025-07-22,Townsville,11,2025-07-22T00:00:00.000Z,380,299296,MOLLY EMGRAND,5,6.5,31645.0,1,5.0,-5.642429154628706,0.0,5.0,5528_R11,1.0,1.0,0.15384615384615385,61.53846153846154,True,True,True,True,True,True,1.0,6.5,5.5,2025-07
5531,2025-07-24,Q1 Lakeside,9,2025-07-24T00:00:00.000Z,457,384785,GOLDSTAR MURPHY,7,19.0,59380.0,0,2.0,-8.482209662532089,0.2,2.2,5531_R9,1.0,1.0,0.05263157894736842,471.28528181159754,True,True,True,True,True,True,1.5,0.0,-1.5,2025-07
5534,2025-07-25,Townsville,12,2025-07-25T00:00:00.000Z,380,301760,SUGAR HIT LENNY,6,4.2,38915.0,1,4.4,-9.55084905005782,0.1,4.5,5534_R12,1.0,1.0,0.23809523809523808,95.23809523809523,True,True,True,True,True,True,0.75,3.1500000000000004,2.4000000000000004,2025-07
5539,2025-07-28,Q Straight,10,2025-07-28T00:00:00.000Z,350,298984,POCKET PICKER,4,3.0,45780.0,0,3.6,-20.454019493207905,0.0,3.6,5539_R10,1.0,1.0,0.3333333333333333,497.6963639117206,True,True,True,True,True,True,0.75,0.0,-0.75,2025-07
5582,2025-07-03,Wentworth Park,7,2025-07-03T00:00:00.000Z,520,293846,VISTA YTTRIUM,7,5.5,94380.0,0,2.0,-13.597547357114996,0.2,2.2,5582_R7,1.0,1.0,0.18181818181818182,494.0537596974085,True,True,True,True,True,True,1.0,0.0,-1.0,2025-07
5584,2025-07-04,Goulburn,5,2025-07-04T00:00:00.000Z,350,400199,ZIGGY GIRL,3,5.0,39935.0,1,3.8,-10.687604279452628,-0.1,3.6999999999999997,5584_R5,1.0,1.0,0.2,80.0,True,True,True,True,True,True,1.0,5.0,4.0,2025-07
5584,2025-07-04,Goulburn,10,2025-07-04T00:00:00.000Z,440,290625,PURE SILVER,8,7.5,47615.0,1,3.0,-7.459717929695396,0.3,3.3,5584_R10,1.0,1.0,0.13333333333333333,53.333333333333336,True,True,True,True,True,True,1.0,7.5,6.5,2025-07
5609,2025-07-11,Goulburn,6,2025-07-11T00:00:00.000Z,440,290355,FANCY BELLA,1,2.7,32265.0,0,4.8,-13.535558953431607,-0.3,4.5,5609_R6,1.0,1.0,0.37037037037037035,148.14814814814815,True,True,True,True,True,True,0.5,0.0,-0.5,2025-07
5609,2025-07-11,Goulburn,7,2025-07-11T00:00:00.000Z,440,325517,SAINT OMAGH,2,1.75,36865.0,1,3.0,-8.94150463253674,-0.2,2.8,5609_R7,1.0,1.0,0.5714285714285714,228.57142857142856,True,True,True,True,True,True,0.5,0.875,0.375,2025-07
5658,2025-07-25,Goulburn,12,2025-07-25T00:00:00.000Z,350,291143,PELOPONNESE,7,3.6,50525.0,0,6.4,-13.874902488482306,0.2,6.6000000000000005,5658_R12,1.0,1.0,0.2777777777777778,111.11111111111111,True,True,True,True,True,True,0.75,0.0,-0.75,2025-07
5687,2025-07-02,Meadows (MEP),10,2025-07-02T00:00:00.000Z,600,381691,GROOVEBIRD,5,3.8,193243.0,0,3.2,-14.604968389593887,0.0,3.2,5687_R10,1.0,1.0,0.2631578947368421,467.64411027568923,True,True,True,True,True,True,0.75,0.0,-0.75,2025-07
5687,2025-07-02,Meadows (MEP),12,2025-07-02T00:00:00.000Z,525,287044,KID LUCK,5,12.0,34670.0,0,1.8,-16.42237375038985,0.0,1.8,5687_R12,1.0,1.0,0.08333333333333333,504.4236156000862,True,True,True,True,True,True,1.5,0.0,-1.5,2025-07
5695,2025-07-04,Healesville,11,2025-07-04T00:00:00.000Z,300,282915,BROCKY SANDS,4,25.2,50124.10714,0,1.8,-13.973600279940205,0.0,1.8,5695_R11,1.0,1.0,0.03968253968253968,471.32897059431826,True,True,True,True,True,True,2.0,0.0,-2.0,2025-07
5696,2025-07-04,Warragul,10,2025-07-04T00:00:00.000Z,400,282122,PAW TIKA,2,18.6,54320.0,0,1.2,-13.70729075793427,-0.2,1.0,5696_R10,1.0,1.0,0.05376344086021505,479.41987289181293,True,True,True,True,True,True,1.5,0.0,-1.5,2025-07
5697,2025-07-05,The Meadows,8,2025-07-05T00:00:00.000Z,525,280736,VILMA BALE,5,20.3,50435.0,0,2.6,-15.312292550226072,0.0,2.6,5697_R8,1.0,1.0,0.04926108374384236,443.26475233942625,True,True,True,True,True,True,2.0,0.0,-2.0,2025-07
5697,2025-07-05,The Meadows,9,2025-07-05T00:00:00.000Z,525,283754,PAW FABIAN,3,6.8,36630.0,0,2.0,-19.84241390854305,-0.1,1.9,5697_R9,1.0,1.0,0.14705882352941177,473.09309723166376,True,True,True,True,True,True,1.0,0.0,-1.0,2025-07
5705,2025-07-08,Ballarat,9,2025-07-08T00:00:00.000Z,390,282027,VINNY DEWALT,4,3.2,38302.14285,1,2.6,-22.934113751122418,0.0,2.6,5705_R9,1.0,1.0,0.3125,474.41883372734435,True,True,True,True,True,True,0.75,2.4000000000000004,1.6500000000000004,2025-07
5710,2025-07-09,Meadows (MEP),6,2025-07-09T00:00:00.000Z,525,281140,TICK RETURNS,5,26.0,30080.0,1,1.4,-19.554072853428533,0.0,1.4,5710_R6,1.0,1.0,0.038461538461538464,521.2582738898528,True,True,True,True,True,True,2.0,52.0,50.0,2025-07
5726,2025-07-14,Shepparton,11,2025-07-14T00:00:00.000Z,390,281140,TICK RETURNS,7,10.0,30080.0,0,1.4,-17.328166081763392,0.2,1.5999999999999999,5726_R11,1.0,1.0,0.1,518.0319680319681,True,True,True,True,True,True,1.5,0.0,-1.5,2025-07
5731,2025-07-16,Ballarat,2,2025-07-16T00:00:00.000Z,390,339714,CABAO KYANITE,8,4.2,52310.0,0,1.2,-13.646831594840398,0.3,1.5,5731_R2,1.0,1.0,0.23809523809523808,474.9015131920102,True,True,True,True,True,True,0.75,0.0,-0.75,2025-07
5735,2025-07-17,Sandown Park,5,2025-07-17T00:00:00.000Z,515,346312,ZIPPING MINAJ,1,4.1,78585.0,0,2.6,-15.774595907231808,-0.3,2.3000000000000003,5735_R5,1.0,1.0,0.24390243902439027,474.03370622558026,True,True,True,True,True,True,0.75,0.0,-0.75,2025-07
5739,2025-07-18,Bendigo,8,2025-07-18T00:00:00.000Z,500,281414,PAW SUMMER,1,2.8,33615.0,0,2.4,-13.57569962877695,-0.3,2.1,5739_R8,1.0,1.0,0.35714285714285715,472.1239706670275,True,True,True,True,True,True,0.5,0.0,-0.5,2025-07
5744,2025-07-19,The Meadows,2,2025-07-19T00:00:00.000Z,730,346335,IF ONLY,2,10.2,48535.0,0,2.2,-15.585491607672278,-0.2,2.0,5744_R2,1.0,1.0,0.09803921568627452,470.5974192955871,True,True,True,True,True,True,1.5,0.0,-1.5,2025-07
5746,2025-07-20,Sale,6,2025-07-20T00:00:00.000Z,435,284041,DR. YANNICK,2,3.6,47805.0,0,3.0,-10.299708647298813,-0.2,2.8,5746_R6,1.0,1.0,0.2777777777777778,409.8412698412698,True,True,True,True,True,True,0.75,0.0,-0.75,2025-07
5756,2025-07-23,Meadows (MEP),8,2025-07-23T00:00:00.000Z,525,320404,ASTON GUITAR,3,5.3,30815.0,0,2.2,-12.821340319183161,-0.1,2.1,5756_R8,1.0,1.0,0.18867924528301888,470.88616019433624,True,True,True,True,True,True,1.0,0.0,-1.0,2025-07
5765,2025-07-25,Warragul,7,2025-07-25T00:00:00.000Z,400,282561,JUNIOR'S MATE,2,25.4,36482.85714,0,2.2,-13.59033604819974,-0.2,2.0,5765_R7,1.0,1.0,0.03937007874015748,472.4154536916833,True,True,True,True,True,True,2.0,0.0,-2.0,2025-07
5767,2025-07-26,The Meadows,3,2025-07-26T00:00:00.000Z,525,281013,PAW GORDY,7,10.1,47980.0,0,2.8,-18.037262913024087,0.2,3.0,5767_R3,1.0,1.0,0.09900990099009901,477.0174134617262,True,True,True,True,True,True,1.5,0.0,-1.5,2025-07
5767,2025-07-26,The Meadows,4,2025-07-26T00:00:00.000Z,730,281295,FLYING ENVY,1,1.9,58985.0,1,4.6,-16.58479339370526,-0.3,4.3,5767_R4,1.0,1.0,0.5263157894736842,479.886585149743,True,True,True,True,True,True,0.5,0.95,0.44999999999999996,2025-07
5767,2025-07-26,The Meadows,11,2025-07-26T00:00:00.000Z,525,281730,PAW YANELLE,5,12.3,43030.0,1,2.4,-13.549107805016533,0.0,2.4,5767_R11,1.0,1.0,0.08130081300813008,475.7735672018408,True,True,True,True,True,True,1.5,18.450000000000003,16.950000000000003,2025-07
5775,2025-07-29,Horsham,7,2025-07-29T00:00:00.000Z,410,288975,GAS LANTERN,3,7.7,57252.5,0,1.8,-12.776741821073779,-0.1,1.7,5775_R7,1.0,1.0,0.12987012987012986,480.43707157191386,True,True,True,True,True,True,1.0,0.0,-1.0,2025-07
5779,2025-07-30,Meadows (MEP),3,2025-07-30T00:00:00.000Z,525,287044,KID LUCK,1,8.0,34670.0,0,3.2,-17.789151855383583,-0.3,2.9000000000000004,5779_R3,1.0,1.0,0.125,485.7949055775143,True,True,True,True,True,True,1.0,0.0,-1.0,2025-07
5781,2025-07-31,Sandown Park,5,2025-07-31T00:00:00.000Z,595,281013,PAW GORDY,4,11.1,47980.0,0,3.6,-17.70381448133554,0.0,3.6,5781_R5,1.0,1.0,0.0900900900900901,471.4164370175606,True,True,True,True,True,True,1.5,0.0,-1.5,2025-07
5783,2025-07-31,Warrnambool,8,2025-07-31T00:00:00.000Z,450,345818,MY LADY PANAMA,3,26.5,32915.0,0,1.2,-15.548268147615897,-0.1,1.0999999999999999,5783_R8,1.0,1.0,0.03773584905660377,474.4182633295053,True,True,True,True,True,True,2.0,0.0,-2.0,2025-07
5547,2025-07-01,Mandurah,11,2025-07-01T00:00:00.000Z,400,369805,BEARD STROKER,1,3.5,42257.0,0,2.8,-38.929522181477935,-0.3,2.5,5547_R11,1.0,1.0,0.2857142857142857,468.1729073115922,True,True,True,True,True,True,0.75,0.0,-0.75,2025-07
5559,2025-07-15,Mandurah,7,2025-07-15T00:00:00.000Z,400,370048,BEAUTY IN ME,4,9.5,31184.0,0,4.2,-17.68738132421965,0.0,4.2,5559_R7,1.0,1.0,0.10526315789473684,494.4285402948364,True,True,True,True,True,True,1.0,0.0,-1.0,2025-07
5561,2025-07-17,Mandurah,7,2025-07-17T00:00:00.000Z,300,338049,ASTON MADDOX,4,3.4,48594.0,0,1.0,-7.496944041228654,0.0,1.0,5561_R7,1.0,1.0,0.29411764705882354,496.5461677628798,True,True,True,True,True,True,0.75,0.0,-0.75,2025-07
5407,2025-07-07,Launceston,7,2025-07-07T00:00:00.000Z,515,309094,WHISKY BARREL,7,1.85,71055.0,1,3.2,-22.093601977731677,0.2,3.4000000000000004,5407_R7,1.0,1.0,0.5405405405405405,486.6572329061337,True,True,True,True,True,True,0.5,0.925,0.42500000000000004,2025-07
5899,2025-08-02,Q1 Lakeside,8,2025-08-02T00:00:00.000Z,550,299053,PROPER STAR,5,13.0,45420.0,0,2.0,-11.270591040478491,0.0,2.0,5899_R8,1.0,1.0,0.07692307692307693,498.03518978441576,True,True,True,True,True,True,1.5,0.0,-1.5,2025-08
5906,2025-08-05,Townsville,9,2025-08-05T00:00:00.000Z,380,301760,SUGAR HIT LENNY,1,21.0,38965.0,0,3.2,-6.695147226340799,-0.3,2.9000000000000004,5906_R9,1.0,1.0,0.047619047619047616,269.41685765215175,True,True,True,True,True,True,2.0,0.0,-2.0,2025-08
5926,2025-08-15,Townsville,4,2025-08-15T00:00:00.000Z,380,299836,LUSH ICE,5,5.5,44045.0,0,1.8,-12.500595330833823,0.0,1.8,5926_R4,1.0,1.0,0.18181818181818182,447.91337694563504,True,True,True,True,True,True,1.0,0.0,-1.0,2025-08
5946,2025-08-26,Townsville,5,2025-08-26T00:00:00.000Z,380,300518,TIME FOR TINA,4,26.0,35230.0,0,1.8,-9.26332598145937,0.0,1.8,5946_R5,1.0,1.0,0.038461538461538464,202.9116663387763,True,True,True,True,True,True,2.0,0.0,-2.0,2025-08
5961,2025-08-01,Goulburn,7,2025-08-01T00:00:00.000Z,440,291114,AYDEN'S WARRIOR,5,1.75,157325.0,1,3.8,-11.183115557559345,0.0,3.8,5961_R7,1.0,1.0,0.5714285714285714,328.57142857142856,True,True,True,True,True,True,0.5,0.875,0.375,2025-08
5982,2025-08-07,Wentworth Park,8,2025-08-07T00:00:00.000Z,520,291132,ZIPPING MOONEY,1,8.5,34105.0,1,2.6,-9.882599063946694,-0.3,2.3000000000000003,5982_R8,1.0,1.0,0.11764705882352941,484.390201828532,True,True,True,True,True,True,1.0,8.5,7.5,2025-08
6009,2025-08-15,Goulburn,4,2025-08-15T00:00:00.000Z,440,291708,HELLO EASY,7,8.5,31880.625,0,2.6,-6.714481673710239,0.2,2.8000000000000003,6009_R4,1.0,1.0,0.11764705882352941,47.05882352941176,True,True,True,True,True,True,1.0,0.0,-1.0,2025-08
6009,2025-08-15,Goulburn,5,2025-08-15T00:00:00.000Z,440,296626,WHERE'S FERNANDO,5,2.9,36880.0,0,2.8,-5.950206260701128,0.0,2.8,6009_R5,1.0,1.0,0.3448275862068966,137.93103448275863,True,True,True,True,True,True,0.5,0.0,-0.5,2025-08
6009,2025-08-15,Goulburn,9,2025-08-15T00:00:00.000Z,350,355247,BE NIMBLE,3,2.1,30490.0,1,3.0,-12.597081987644668,-0.1,2.9,6009_R9,1.0,1.0,0.47619047619047616,190.47619047619045,True,True,True,True,True,True,0.5,1.05,0.55,2025-08
6025,2025-08-20,Richmond,12,2025-08-20T00:00:00.000Z,320,294020,CHEEKY CHEEKY,1,4.6,45825.0,0,1.8,-10.363438174838235,-0.3,1.5,6025_R12,1.0,1.0,0.2173913043478261,486.6534914361002,True,True,True,True,True,True,0.75,0.0,-0.75,2025-08
6031,2025-08-22,Goulburn,6,2025-08-22T00:00:00.000Z,440,291708,HELLO EASY,8,2.7,31880.625,0,2.0,-10.81061039860668,0.3,2.3,6031_R6,1.0,1.0,0.37037037037037035,148.14814814814815,True,True,True,True,True,True,0.5,0.0,-0.5,2025-08
6031,2025-08-22,Goulburn,9,2025-08-22T00:00:00.000Z,350,290612,SPRING GOLD,2,7.5,33120.0,0,4.8,-7.970213412441096,-0.2,4.6,6031_R9,1.0,1.0,0.13333333333333333,53.333333333333336,True,True,True,True,True,True,1.0,0.0,-1.0,2025-08
6031,2025-08-22,Goulburn,10,2025-08-22T00:00:00.000Z,440,296599,AUSSIE BLEND,5,4.2,31705.0,0,2.4,-6.600092242015495,0.0,2.4,6031_R10,1.0,1.0,0.23809523809523808,95.23809523809523,True,True,True,True,True,True,0.75,0.0,-0.75,2025-08
6032,2025-08-22,Richmond,1,2025-08-22T00:00:00.000Z,320,290703,CON CABANG,3,9.5,36520.0,0,2.6,-15.793888003956107,-0.1,2.5,6032_R1,1.0,1.0,0.10526315789473684,483.1811807044005,True,True,True,True,True,True,1.0,0.0,-1.0,2025-08
6051,2025-08-28,Casino,3,2025-08-28T00:00:00.000Z,411,291726,KINLOCH BABE,7,12.0,40030.0,0,2.4,-11.966040018704794,0.2,2.6,6051_R3,1.0,1.0,0.08333333333333333,486.8878833584715,True,True,True,True,True,True,1.5,0.0,-1.5,2025-08
6080,2025-08-05,Warragul,12,2025-08-05T00:00:00.000Z,400,280880,ASTUTE QUEEN,2,21.6,30625.625,1,4.0,-19.869387530379434,-0.2,3.8,6080_R12,1.0,1.0,0.046296296296296294,474.71748578533897,True,True,True,True,True,True,2.0,43.2,41.2,2025-08
6085,2025-08-07,Sandown Park,6,2025-08-07T00:00:00.000Z,595,281745,FAST KNOCKDOWN,1,5.1,35720.0,1,2.6,-16.150108608120938,-0.3,2.3000000000000003,6085_R6,1.0,1.0,0.19607843137254904,473.2791815826393,True,True,True,True,True,True,1.0,5.1,4.1,2025-08
6089,2025-08-08,Bendigo,10,2025-08-08T00:00:00.000Z,425,281826,GALENTO,5,1.8,39095.0,1,1.4,-11.720343517541602,0.0,1.4,6089_R10,1.0,1.0,0.5555555555555556,472.82245658612965,True,True,True,True,True,True,0.5,0.9,0.4,2025-08
6097,2025-08-11,Ballarat,8,2025-08-11T00:00:00.000Z,545,280739,BREAKDOWN,2,12.0,50260.0,0,2.0,-17.04913223584688,-0.2,1.8,6097_R8,1.0,1.0,0.08333333333333333,461.90476190476187,True,True,True,True,True,True,1.5,0.0,-1.5,2025-08
6108,2025-08-14,The Meadows,5,2025-08-14T00:00:00.000Z,600,281738,MITZI ROCKS,3,8.6,80990.0,0,1.6,-11.739424725208154,-0.1,1.5,6108_R5,1.0,1.0,0.11627906976744186,473.71671103654086,True,True,True,True,True,True,1.0,0.0,-1.0,2025-08
6110,2025-08-14,Warrnambool,6,2025-08-14T00:00:00.000Z,450,281826,GALENTO,8,6.9,39095.0,0,1.2,-7.941367938370329,0.3,1.5,6110_R6,1.0,1.0,0.14492753623188406,471.6909651195929,True,True,True,True,True,True,1.0,0.0,-1.0,2025-08
6125,2025-08-19,Horsham,11,2025-08-19T00:00:00.000Z,410,282122,PAW TIKA,2,8.0,57625.0,0,2.8,-8.861303606925869,-0.2,2.5999999999999996,6125_R11,1.0,1.0,0.125,469.2692433894682,True,True,True,True,True,True,1.0,0.0,-1.0,2025-08
6127,2025-08-20,Ballarat,10,2025-08-20T00:00:00.000Z,545,314033,IVORY NARWHAL,7,5.3,42490.0,0,2.6,-11.355771276392137,0.2,2.8000000000000003,6127_R10,1.0,1.0,0.18867924528301888,473.3856582529902,True,True,True,True,True,True,1.0,0.0,-1.0,2025-08
6131,2025-08-21,Sandown Park,8,2025-08-21T00:00:00.000Z,515,299422,MEPUNGA ROCKY,2,29.7,86155.0,0,2.0,-8.340101531994545,-0.2,1.8,6131_R8,1.0,1.0,0.03367003367003367,469.3629135012126,True,True,True,True,True,True,2.0,0.0,-2.0,2025-08
6132,2025-08-21,Shepparton,6,2025-08-21T00:00:00.000Z,390,280701,TRICKY RIDDLES,8,7.3,44645.0,0,2.2,-12.867826819637326,0.3,2.5,6132_R6,1.0,1.0,0.136986301369863,474.8242895138844,True,True,True,True,True,True,1.0,0.0,-1.0,2025-08
6136,2025-08-22,Geelong,4,2025-08-22T00:00:00.000Z,400,281803,FLUENT ACTION,2,5.3,44625.0,0,2.8,-11.250790426193971,-0.2,2.5999999999999996,6136_R4,1.0,1.0,0.18867924528301888,471.4889191517612,True,True,True,True,True,True,1.0,0.0,-1.0,2025-08
6140,2025-08-23,The Meadows,8,2025-08-23T00:00:00.000Z,525,281736,PAW WHITLEY,4,10.3,67540.0,0,2.0,-9.920580738976012,0.0,2.0,6140_R8,1.0,1.0,0.0970873786407767,472.5870114569833,True,True,True,True,True,True,1.5,0.0,-1.5,2025-08
6145,2025-08-25,Shepparton,6,2025-08-25T00:00:00.000Z,450,316893,RIPPER RILEY,4,25.8,32450.0,0,2.0,-13.42339937884015,0.0,2.0,6145_R6,1.0,1.0,0.03875968992248062,474.19977650983594,True,True,True,True,True,True,2.0,0.0,-2.0,2025-08
6153,2025-08-27,Sale,12,2025-08-27T00:00:00.000Z,435,282486,ZORBAS BALE,3,2.9,37850.0,0,3.2,-20.102894674241945,-0.1,3.1,6153_R12,1.0,1.0,0.3448275862068966,374.8796583352965,True,True,True,True,True,True,0.5,0.0,-0.5,2025-08
6154,2025-08-28,Sandown Park,9,2025-08-28T00:00:00.000Z,515,281730,PAW YANELLE,8,7.4,58845.0,0,1.6,-11.486742591463457,0.3,1.9000000000000001,6154_R9,1.0,1.0,0.13513513513513511,474.1206562710613,True,True,True,True,True,True,1.0,0.0,-1.0,2025-08
6161,2025-08-29,Warragul,8,2025-08-29T00:00:00.000Z,460,281752,RHYTHMIC ENERGY,1,1.7,55150.0,1,1.8,-19.83255349310505,-0.3,1.5,6161_R8,1.0,1.0,0.5882352941176471,474.13873112493184,True,True,True,True,True,True,0.5,0.85,0.35,2025-08
5823,2025-08-01,Angle Park,3,2025-08-01T00:00:00.000Z,342,367501,COMPTON DAISY,2,21.0,30110.0,0,2.6,-9.38121895958989,-0.2,2.4,5823_R3,1.0,1.0,0.047619047619047616,475.3943682736252,True,True,True,True,True,True,2.0,0.0,-2.0,2025-08
5829,2025-08-05,Murray Bridge (MBS),4,2025-08-05T00:00:00.000Z,350,304726,WICKET,1,1.9,45765.0,1,1.4,-12.257525604622554,-0.3,1.0999999999999999,5829_R4,1.0,1.0,0.5263157894736842,481.23162575709017,True,True,True,True,True,True,0.5,0.95,0.44999999999999996,2025-08
5839,2025-08-14,Angle Park,10,2025-08-14T00:00:00.000Z,595,401951,KING TIDE,1,1.75,95880.0,0,2.8,-11.962354503118666,-0.3,2.5,5839_R10,1.0,1.0,0.5714285714285714,452.10084033613447,True,True,True,True,True,True,0.5,0.0,-0.5,2025-08
5844,2025-08-17,Mount Gambier,11,2025-08-17T00:00:00.000Z,512,304328,LOCHINVAR PEARL,1,5.5,44335.0,0,3.0,-11.056260688720215,-0.3,2.7,5844_R11,1.0,1.0,0.18181818181818182,471.1399711399712,True,True,True,True,True,True,1.0,0.0,-1.0,2025-08
5804,2025-08-09,Cannington,5,2025-08-09T00:00:00.000Z,520,306817,RARE SPEED,3,17.0,127258.0,0,2.0,-18.088388764493082,-0.1,1.9,5804_R5,1.0,1.0,0.058823529411764705,485.21601125618344,True,True,True,True,True,True,1.5,0.0,-1.5,2025-08
5809,2025-08-15,Mandurah,5,2025-08-15T00:00:00.000Z,400,370224,ASTON BOLLINGER,8,4.6,72708.0,0,2.8,-18.253287168893998,0.3,3.0999999999999996,5809_R5,1.0,1.0,0.2173913043478261,482.87726765987634,True,True,True,True,True,True,0.75,0.0,-0.75,2025-08
5821,2025-08-29,Mandurah,10,2025-08-29T00:00:00.000Z,400,306758,ASTON NERO,1,1.85,97911.16667,0,2.2,-12.784253638244348,-0.3,1.9000000000000001,5821_R10,1.0,1.0,0.5405405405405405,468.3170565523506,True,True,True,True,True,True,0.5,0.0,-0.5,2025-08
2883,2025-09-02,Horsham,4,,485,280992,DEROGATIVE,8,9.0,53507.5,0,2.6,-10.082171833823246,0.3,2.9,2883_R4,1.0,1.0,0.1111111111111111,473.1918054578153,True,True,True,True,True,True,1.0,0.0,-1.0,2025-09
2885,2025-09-03,Ballarat,8,,545,280574,KENSINGTON FLYER,4,12.0,43716.875,0,3.2,-17.496388766770078,0.0,3.2,2885_R8,1.0,1.0,0.08333333333333333,478.6788048552754,True,True,True,True,True,True,1.5,0.0,-1.5,2025-09
2900,2025-09-07,Healesville,7,,300,280608,ASTON MONARCHY,2,28.7,32927.5,0,2.0,-7.274618316123801,-0.2,1.8,2900_R7,1.0,1.0,0.03484320557491289,480.30514458544644,True,True,True,True,True,True,2.0,0.0,-2.0,2025-09
2900,2025-09-07,Healesville,12,,350,281926,PRESTIA,8,10.5,34725.0,0,2.8,-12.814187106033895,0.3,3.0999999999999996,2900_R12,1.0,1.0,0.09523809523809523,475.7582481541124,True,True,True,True,True,True,1.5,0.0,-1.5,2025-09
2905,2025-09-09,Geelong,12,,400,282902,LOCKED AND READY,3,4.4,48701.25,0,3.0,-20.184447837779164,-0.1,2.9,2905_R12,1.0,1.0,0.22727272727272727,514.7200511906394,True,True,True,True,True,True,0.75,0.0,-0.75,2025-09
2912,2025-09-11,Sandown Park,4,,515,280983,DEWANA FERNANDO,1,15.5,125665.0,0,3.4,-13.00463168346548,-0.3,3.1,2912_R4,1.0,1.0,0.06451612903225806,479.47858376577324,True,True,True,True,True,True,1.5,0.0,-1.5,2025-09
2912,2025-09-11,Sandown Park,11,,515,280988,SHIV ROY,1,11.9,33920.0,0,3.4,-14.173227218095752,-0.3,3.1,2912_R11,1.0,1.0,0.08403361344537814,473.52561556732,True,True,True,True,True,True,1.5,0.0,-1.5,2025-09
2915,2025-09-11,Warragul,6,,460,282915,BROCKY SANDS,7,24.2,51714.10714,0,2.4,-23.545961351277835,0.2,2.6,2915_R6,1.0,1.0,0.04132231404958678,447.5923259740052,True,True,True,True,True,True,2.0,0.0,-2.0,2025-09
2923,2025-09-14,Sale,9,,435,284048,AMRON MICK,1,4.6,34317.5,0,1.8,-5.653837495281203,-0.3,1.5,2923_R9,1.0,1.0,0.2173913043478261,472.7917288997638,True,True,True,True,True,True,0.75,0.0,-0.75,2025-09
2933,2025-09-17,Sale,6,,510,282915,BROCKY SANDS,3,14.9,51714.10714,0,2.8,-23.616894172854707,-0.1,2.6999999999999997,2933_R6,1.0,1.0,0.06711409395973154,470.98881584348044,True,True,True,True,True,True,1.5,0.0,-1.5,2025-09
2943,2025-09-20,The Meadows,11,,525,281730,PAW YANELLE,1,8.5,49940.0,1,1.2,-12.383593584219028,-0.3,0.8999999999999999,2943_R11,1.0,1.0,0.11764705882352941,519.5562435500516,True,True,True,True,True,True,1.0,8.5,7.5,2025-09
2944,2025-09-21,Healesville,12,,300,280553,ASTON ELENA,3,13.6,37025.0,0,1.0,-5.65991528531587,-0.1,0.9,2944_R12,1.0,1.0,0.07352941176470588,474.3464106528838,True,True,True,True,True,True,1.5,0.0,-1.5,2025-09
2951,2025-09-23,Horsham,5,,410,284623,ORSON FURY,2,7.4,44472.5,0,4.4,-14.878024538839778,-0.2,4.2,2951_R5,1.0,1.0,0.13513513513513511,475.18606636253696,True,True,True,True,True,True,1.0,0.0,-1.0,2025-09
2951,2025-09-23,Horsham,10,,410,282294,BETTER BANJO,4,4.3,84605.0,0,2.0,-7.4364704670284585,0.0,2.0,2951_R10,1.0,1.0,0.23255813953488372,476.01164969537814,True,True,True,True,True,True,0.75,0.0,-0.75,2025-09
2955,2025-09-24,Meadows (MEP),4,,525,281964,BLUE VENDETTA,3,11.0,34877.5,0,3.4,-16.824250201385574,-0.1,3.3,2955_R4,1.0,1.0,0.09090909090909091,472.9824694637604,True,True,True,True,True,True,1.5,0.0,-1.5,2025-09
2966,2025-09-27,The Meadows,7,,600,281030,DO SOMETHING,2,8.7,31100.0,0,2.8,-11.386348342846478,-0.2,2.5999999999999996,2966_R7,1.0,1.0,0.1149425287356322,472.08565586364097,True,True,True,True,True,True,1.0,0.0,-1.0,2025-09
2967,2025-09-28,Healesville,10,,300,282294,BETTER BANJO,1,7.7,84605.0,0,2.2,-5.9366661048005795,-0.3,1.9000000000000001,2967_R10,1.0,1.0,0.12987012987012986,475.49327450426995,True,True,True,True,True,True,1.0,0.0,-1.0,2025-09
3142,2025-09-02,Murray Bridge (MBS),7,,300,367282,MY REASON,1,2.9,51700.0,0,2.0,-17.46873784973148,-0.3,1.7,3142_R7,1.0,1.0,0.3448275862068966,485.9907198953852,True,True,True,True,True,True,0.5,0.0,-0.5,2025-09
3146,2025-09-05,Gawler,6,,400,304519,GRAVITATE,7,9.5,39720.0,0,2.4,-11.69555967831609,0.2,2.6,3146_R6,1.0,1.0,0.10526315789473684,466.7405044598027,True,True,True,True,True,True,1.0,0.0,-1.0,2025-09
3157,2025-09-14,Murray Bridge (MBR),3,,300,306086,FANTASTIC ADA,1,4.6,66115.0,1,2.2,-31.04056549623612,-0.3,1.9000000000000001,3157_R3,1.0,1.0,0.2173913043478261,487.3359906749188,True,True,True,True,True,True,0.75,3.4499999999999997,2.6999999999999997,2025-09
3165,2025-09-19,Murray Bridge (MBR),3,,350,306086,FANTASTIC ADA,7,13.0,66115.0,0,2.0,-26.81572227943647,0.2,2.2,3165_R3,1.0,1.0,0.07692307692307693,485.918437997646,True,True,True,True,True,True,1.5,0.0,-1.5,2025-09
3177,2025-09-28,Mount Gambier,9,,732,304979,ZIPPING MOWGLI,1,3.0,34350.0,0,2.8,-26.07350955742894,-0.3,2.5,3177_R9,1.0,1.0,0.3333333333333333,468.565892210806,True,True,True,True,True,True,0.75,0.0,-0.75,2025-09
3185,2025-09-05,Mandurah,10,,400,306821,JUNK YARD CLYDE,8,3.5,77529.0,0,2.4,-21.562434853973247,0.3,2.6999999999999997,3185_R10,1.0,1.0,0.2857142857142857,481.8847818847819,True,True,True,True,True,True,0.75,0.0,-0.75,2025-09
3186,2025-09-06,Cannington,9,,520,306840,WEST ON SIDNEY,4,3.4,123801.0,0,2.0,-16.92309810691457,0.0,2.0,3186_R9,1.0,1.0,0.29411764705882354,481.06718097074895,True,True,True,True,True,True,0.75,0.0,-0.75,2025-09
3195,2025-09-17,Cannington,8,,520,306834,TOMMY THE LION,1,5.5,42001.0,0,2.2,-20.308929454290645,-0.3,1.9000000000000001,3195_R8,1.0,1.0,0.18181818181818182,495.3075773595609,True,True,True,True,True,True,1.0,0.0,-1.0,2025-09
3195,2025-09-17,Cannington,9,,381,306954,PECORINO MONELLI,3,4.2,30643.0,0,6.0,-7.420768426899397,-0.1,5.9,3195_R9,1.0,1.0,0.23809523809523808,95.23809523809523,True,True,True,True,True,True,0.75,0.0,-0.75,2025-09
3196,2025-09-18,Mandurah,8,,300,370059,SUNSET NIGHTJAR,1,1.6,169296.5,1,3.4,-10.19729653445963,-0.3,3.1,3196_R8,1.0,1.0,0.625,498.06799607714936,True,True,True,True,True,True,0.5,0.8,0.30000000000000004,2025-09
2979,2025-09-02,Bulli,11,,400,291871,GRAND BLAZER,5,2.1,38050.0,0,2.8,-13.832311272476172,0.0,2.8,2979_R11,1.0,1.0,0.47619047619047616,483.57142857142856,True,True,True,True,True,True,0.5,0.0,-0.5,2025-09
2991,2025-09-05,Goulburn,3,,350,290609,MINTER SPICE,8,5.5,31365.0,0,1.8,-31.91733759409045,0.3,2.1,2991_R3,1.0,1.0,0.18181818181818182,72.72727272727273,True,True,True,True,True,True,1.0,0.0,-1.0,2025-09
2991,2025-09-05,Goulburn,11,,350,291133,WATCHMAKER,6,6.0,46675.0,0,4.4,-9.299671676692437,0.1,4.5,2991_R11,1.0,1.0,0.16666666666666666,66.66666666666666,True,True,True,True,True,True,1.0,0.0,-1.0,2025-09
3015,2025-09-12,Goulburn,3,,350,293650,CARTEL MODEL,4,5.5,52465.0,1,2.4,-16.773823263818038,0.0,2.4,3015_R3,1.0,1.0,0.18181818181818182,72.72727272727273,True,True,True,True,True,True,1.0,5.5,4.5,2025-09
3015,2025-09-12,Goulburn,8,,350,353651,ALL POWERED UP,1,1.95,32200.0,0,3.2,-9.351427493883758,-0.3,2.9000000000000004,3015_R8,1.0,1.0,0.5128205128205129,205.12820512820517,True,True,True,True,True,True,0.5,0.0,-0.5,2025-09
3027,2025-09-16,Bulli,8,,400,355722,POCKET TALK,1,4.2,34270.0,0,2.8,-9.051160530524893,-0.3,2.5,3027_R8,1.0,1.0,0.23809523809523808,476.5955030660913,True,True,True,True,True,True,0.75,0.0,-0.75,2025-09
3055,2025-09-24,Gunnedah,8,,527,292811,BOMB NOAH,1,13.0,32865.0,0,2.0,-10.146792021214877,-0.3,1.7,3055_R8,1.0,1.0,0.07692307692307693,482.67755316935643,True,True,True,True,True,True,1.5,0.0,-1.5,2025-09
3062,2025-09-25,Wentworth Park,5,,520,292499,JO JOHN JOHN,3,19.0,50360.0,0,3.0,-16.748290939132907,-0.1,2.9,3062_R5,1.0,1.0,0.05263157894736842,469.254584424863,True,True,True,True,True,True,1.5,0.0,-1.5,2025-09
3064,2025-09-26,Goulburn,5,,440,291133,WATCHMAKER,5,2.5,46675.0,1,3.2,-4.671796835992039,0.0,3.2,3064_R5,1.0,1.0,0.4,160.0,True,True,True,True,True,True,0.5,1.25,0.75,2025-09
3064,2025-09-26,Goulburn,8,,440,292826,GOLD FORCE,1,1.65,58075.0,1,3.0,-1.0871691285510088,-0.3,2.7,3064_R8,1.0,1.0,0.6060606060606061,242.42424242424244,True,True,True,True,True,True,0.5,0.825,0.32499999999999996,2025-09
3064,2025-09-26,Goulburn,11,,350,290609,MINTER SPICE,6,3.0,31365.0,0,2.6,-20.652771396257403,0.1,2.7,3064_R11,1.0,1.0,0.3333333333333333,133.33333333333331,True,True,True,True,True,True,0.75,0.0,-0.75,2025-09
3073,2025-09-29,Maitland,4,,400,291037,RADLEY ERSKIN,1,26.0,58680.0,0,2.4,-14.193461971368516,-0.3,2.1,3073_R4,1.0,1.0,0.038461538461538464,501.8195738987818,True,True,True,True,True,True,2.0,0.0,-2.0,2025-09
3213,2025-09-15,Launceston,6,,278,372419,BOWSER BOY,3,21.0,82235.0,0,2.4,-29.949067980954243,-0.1,2.3,3213_R6,1.0,1.0,0.047619047619047616,495.1815985871713,True,True,True,True,True,True,2.0,0.0,-2.0,2025-09
3218,2025-09-25,Hobart,4,,340,300614,VOLUME UP,6,1.8,107690.0,1,4.0,-18.67828805932603,0.1,4.1,3218_R4,1.0,1.0,0.5555555555555556,495.56806337294137,True,True,True,True,True,True,0.5,0.9,0.4,2025-09
3081,2025-09-02,Q1 Lakeside,12,,457,299103,FANCIFUL,7,18.0,54890.0,0,3.0,-17.5542008029677,0.2,3.2,3081_R12,1.0,1.0,0.05555555555555555,500.74563978136945,True,True,True,True,True,True,1.5,0.0,-1.5,2025-09
3101,2025-09-11,Q2 Parklands,10,,520,300329,NOPE ROPE,5,7.5,55820.0,0,2.6,-19.447949184624246,0.0,2.6,3101_R10,1.0,1.0,0.13333333333333333,492.42181872256435,True,True,True,True,True,True,1.0,0.0,-1.0,2025-09
2314,2025-10-05,Q2 Parklands,3,2025-10-05T00:00:00.000Z,520,299471,GLEN'S WISH,4,8.5,112555.0,0,3.2,-17.893570256538858,0.0,3.2,2314_R3,1.0,1.0,0.11764705882352941,470.9782374488257,True,True,True,True,True,True,1.0,0.0,-1.0,2025-10
2332,2025-10-14,Townsville,8,2025-10-14T00:00:00.000Z,498,299848,BAROSKI,6,9.0,36965.0,1,2.8,-10.176749217298893,0.1,2.9,2332_R8,1.0,1.0,0.1111111111111111,448.6111111111111,True,True,True,True,True,True,1.0,9.0,8.0,2025-10
2336,2025-10-16,Q1 Lakeside,8,2025-10-16T00:00:00.000Z,457,299420,MILES ON IT,1,3.3,52400.0,1,2.0,-11.323344477170501,-0.3,1.7,2336_R8,1.0,1.0,0.30303030303030304,467.61893647644615,True,True,True,True,True,True,0.75,2.4749999999999996,1.7249999999999996,2025-10
2348,2025-10-22,Q1 Lakeside,8,2025-10-22T00:00:00.000Z,352,301283,PERKY PENNY,3,2.7,44245.0,0,2.0,-18.095572663172515,-0.1,1.9,2348_R8,1.0,1.0,0.37037037037037035,502.1009664196149,True,True,True,True,True,True,0.5,0.0,-0.5,2025-10
2363,2025-10-30,Q1 Lakeside,10,2025-10-30T00:00:00.000Z,550,301937,PROFESSOR STARR,8,4.0,51625.0,0,2.4,-14.841008307715757,0.3,2.6999999999999997,2363_R10,1.0,1.0,0.25,475.3647149232887,True,True,True,True,True,True,0.75,0.0,-0.75,2025-10
2110,2025-10-06,Shepparton,8,,650,281026,PAW ERINA,6,12.0,70796.875,0,3.0,-13.995093719397255,0.1,3.1,2110_R8,1.0,1.0,0.08333333333333333,486.17005330560323,True,True,True,True,True,True,1.5,0.0,-1.5,2025-10
2115,2025-10-08,Bendigo,6,,500,282742,SCARLETT EXPRESS,2,24.7,31120.0,0,4.0,-25.98529852916248,-0.2,3.8,2115_R6,1.0,1.0,0.04048582995951417,472.04812062454573,True,True,True,True,True,True,2.0,0.0,-2.0,2025-10
2117,2025-10-08,Sale,4,,435,282902,LOCKED AND READY,5,8.0,48701.25,0,2.0,-15.930430129510501,0.0,2.0,2117_R4,1.0,1.0,0.125,476.8414918414918,True,True,True,True,True,True,1.0,0.0,-1.0,2025-10
2128,2025-10-12,Healesville,8,,350,283956,CHAVERO,7,2.9,52382.5,0,3.0,-0.7018292276463413,0.2,3.2,2128_R8,1.0,1.0,0.3448275862068966,469.8562120287628,True,True,True,True,True,True,0.5,0.0,-0.5,2025-10
2142,2025-10-16,Sandown Park,4,2025-10-16T00:00:00.000Z,715,281722,TULLY LUNA,4,4.0,115358.125,0,2.8,-18.117714540763178,0.0,2.8,2142_R4,1.0,1.0,0.25,473.78531005983825,True,True,True,True,True,True,0.75,0.0,-0.75,2025-10
2145,2025-10-17,Ballarat,4,2025-10-17T00:00:00.000Z,390,285502,TINKER CONALL,8,14.3,40840.0,0,2.2,-12.751516424104008,0.3,2.5,2145_R4,1.0,1.0,0.06993006993006992,473.36002621613034,True,True,True,True,True,True,1.5,0.0,-1.5,2025-10
2158,2025-10-21,Horsham,10,2025-10-21T00:00:00.000Z,410,284617,DUNACH FIREBALL,2,4.6,35255.0,1,2.2,-13.841627290654639,-0.2,2.0,2158_R10,1.0,1.0,0.2173913043478261,443.0676328502416,True,True,True,True,True,True,0.75,3.4499999999999997,2.6999999999999997,2025-10
2160,2025-10-22,Ballarat,6,2025-10-22T00:00:00.000Z,450,280788,ASTON ALLURE,1,16.0,32390.0,0,2.8,-14.48852300546072,-0.3,2.5,2160_R6,1.0,1.0,0.0625,518.6231884057971,True,True,True,True,True,True,1.5,0.0,-1.5,2025-10
2174,2025-10-26,Healesville,9,2025-10-26T00:00:00.000Z,350,281395,GUNAI WIZARD,3,26.0,69032.5,0,2.4,-0.18899441443267548,-0.1,2.3,2174_R9,1.0,1.0,0.038461538461538464,465.4945054945055,True,True,True,True,True,True,2.0,0.0,-2.0,2025-10
2174,2025-10-26,Healesville,10,2025-10-26T00:00:00.000Z,300,281797,PAPA EASY,8,4.2,33725.0,1,2.0,-6.199283078510805,0.3,2.3,2174_R10,1.0,1.0,0.23809523809523808,521.4832879538762,True,True,True,True,True,True,0.75,3.1500000000000004,2.4000000000000004,2025-10
2203,2025-10-03,Goulburn,3,2025-10-03T00:00:00.000Z,350,290609,MINTER SPICE,5,2.0,31365.0,1,2.4,-11.839876905562823,0.0,2.4,2203_R3,1.0,1.0,0.5,200.0,True,True,True,True,True,True,0.5,1.0,0.5,2025-10
2203,2025-10-03,Goulburn,5,2025-10-03T00:00:00.000Z,440,290625,PURE SILVER,6,10.0,47615.0,0,3.2,-7.39545860845372,0.1,3.3000000000000003,2203_R5,1.0,1.0,0.1,40.0,True,True,True,True,True,True,1.5,0.0,-1.5,2025-10
2203,2025-10-03,Goulburn,6,2025-10-03T00:00:00.000Z,350,290629,TRAVELLING GEM,3,2.5,49120.0,1,2.0,-4.119436314094237,-0.1,1.9,2203_R6,1.0,1.0,0.4,160.0,True,True,True,True,True,True,0.5,1.25,0.75,2025-10
2211,2025-10-05,Richmond,11,2025-10-05T00:00:00.000Z,401,291323,ZIPPING ORLANDO,8,4.6,842860.0,0,2.0,-11.072586059437402,0.3,2.3,2211_R11,1.0,1.0,0.2173913043478261,317.3308532899326,True,True,True,True,True,True,0.75,0.0,-0.75,2025-10
2228,2025-10-10,Goulburn,5,2025-10-10T00:00:00.000Z,350,292652,CANYA SUPERSONIC,2,10.0,51905.0,0,1.8,-7.1155680014208444,-0.2,1.6,2228_R5,1.0,1.0,0.1,40.0,True,True,True,True,True,True,1.5,0.0,-1.5,2025-10
2228,2025-10-10,Goulburn,7,2025-10-10T00:00:00.000Z,440,292665,SOVEREIGN STATE,1,9.5,34125.0,1,3.8,-12.14393127066757,-0.3,3.5,2228_R7,1.0,1.0,0.10526315789473684,42.10526315789473,True,True,True,True,True,True,1.0,9.5,8.5,2025-10
2230,2025-10-10,Wentworth Park,5,2025-10-10T00:00:00.000Z,520,285249,WERRIS BALE,6,21.0,135360.0,0,1.6,-14.161943931371217,0.1,1.7000000000000002,2230_R5,1.0,1.0,0.047619047619047616,470.9466136534525,True,True,True,True,True,True,2.0,0.0,-2.0,2025-10
2253,2025-10-17,Goulburn,10,2025-10-17T00:00:00.000Z,440,290465,DESTROYING,3,2.7,51345.0,1,3.4,-5.985230680757351,-0.1,3.3,2253_R10,1.0,1.0,0.37037037037037035,148.14814814814815,True,True,True,True,True,True,0.5,1.35,0.8500000000000001,2025-10
2278,2025-10-24,Goulburn,8,2025-10-24T00:00:00.000Z,440,291131,TAW GALAXY,4,4.6,109725.0,1,3.8,-4.812800848160167,0.0,3.8,2278_R8,1.0,1.0,0.2173913043478261,86.95652173913044,True,True,True,True,True,True,0.75,3.4499999999999997,2.6999999999999997,2025-10
2303,2025-10-31,Goulburn,6,2025-10-31T00:00:00.000Z,350,290629,TRAVELLING GEM,1,2.2,49120.0,1,1.2,-0.14830864795554072,-0.3,0.8999999999999999,2303_R6,1.0,1.0,0.45454545454545453,181.8181818181818,True,True,True,True,True,True,0.5,1.1,0.6000000000000001,2025-10
2303,2025-10-31,Goulburn,7,2025-10-31T00:00:00.000Z,440,290466,BLACK MYTH WAVE,5,7.0,65380.0,0,4.4,-9.689752216454714,0.0,4.4,2303_R7,1.0,1.0,0.14285714285714285,57.14285714285714,True,True,True,True,True,True,1.0,0.0,-1.0,2025-10
2303,2025-10-31,Goulburn,8,2025-10-31T00:00:00.000Z,440,291131,TAW GALAXY,6,9.0,109725.0,1,2.6,-2.301292231520191,0.1,2.7,2303_R8,1.0,1.0,0.1111111111111111,44.44444444444444,True,True,True,True,True,True,1.0,9.0,8.0,2025-10
2367,2025-10-01,Gawler,9,2025-10-01T00:00:00.000Z,400,304046,FANTASTIC TOMMY,5,15.0,45855.0,0,2.4,-10.742711688456875,0.0,2.4,2367_R9,1.0,1.0,0.06666666666666667,453.040293040293,True,True,True,True,True,True,1.5,0.0,-1.5,2025-10
2370,2025-10-03,Gawler,5,2025-10-03T00:00:00.000Z,400,304205,ORLANDO GREY,2,3.3,31975.0,0,2.2,-11.458699095733813,-0.2,2.0,2370_R5,1.0,1.0,0.30303030303030304,495.10135339803475,True,True,True,True,True,True,0.75,0.0,-0.75,2025-10
2379,2025-10-10,Angle Park,6,2025-10-10T00:00:00.000Z,530,304084,FANTASTIC SPIKE,1,3.0,126090.0,0,2.0,-28.362590915027834,-0.3,1.7,2379_R6,1.0,1.0,0.3333333333333333,472.4154853187111,True,True,True,True,True,True,0.75,0.0,-0.75,2025-10
2379,2025-10-10,Angle Park,9,2025-10-10T00:00:00.000Z,530,304775,IRON ATLAS,7,4.4,85255.0,0,2.2,-8.965331970403081,0.2,2.4000000000000004,2379_R9,1.0,1.0,0.22727272727272727,479.92628992628994,True,True,True,True,True,True,0.75,0.0,-0.75,2025-10
2384,2025-10-14,Murray Bridge (MBS),9,2025-10-14T00:00:00.000Z,300,305086,ACE'S CHANCE,2,1.75,133710.0,1,3.6,-10.47948066305868,-0.2,3.4,2384_R9,1.0,1.0,0.5714285714285714,449.911378943637,True,True,True,True,True,True,0.5,0.875,0.375,2025-10
2403,2025-10-28,Murray Bridge (MBS),10,2025-10-28T00:00:00.000Z,300,305074,KADE,4,3.0,53450.0,0,2.0,-10.417553349277949,0.0,2.0,2403_R10,1.0,1.0,0.3333333333333333,469.532279314888,True,True,True,True,True,True,0.75,0.0,-0.75,2025-10
2405,2025-10-30,Angle Park,1,2025-10-30T00:00:00.000Z,530,304231,VICTA VAL,4,11.0,34357.5,0,2.4,-12.83014178131532,0.0,2.4,2405_R1,1.0,1.0,0.09090909090909091,481.14081996434936,True,True,True,True,True,True,1.5,0.0,-1.5,2025-10
2416,2025-10-10,Mandurah,10,2025-10-10T00:00:00.000Z,488,306822,SPOOKY HOOK,2,1.7,132659.0,0,2.8,-19.67623975769361,-0.2,2.5999999999999996,2416_R10,1.0,1.0,0.5882352941176471,474.122896912295,True,True,True,True,True,True,0.5,0.0,-0.5,2025-10
2716,2025-11-16,Q2 Parklands,6,2025-11-16T00:00:00.000Z,520,299482,BRUNSWICK DREAM,6,5.0,33660.0,0,1.8,-16.207959895616654,0.1,1.9000000000000001,2716_R6,1.0,1.0,0.2,490.38961038961037,True,True,True,True,True,True,1.0,0.0,-1.0,2025-11
2490,2025-11-03,The Meadows,7,2025-11-03T00:00:00.000Z,600,285969,TIME TO FIRE,1,5.2,76867.5,0,2.6,-6.890401756092483,-0.3,2.3000000000000003,2490_R7,1.0,1.0,0.1923076923076923,470.6496037044461,True,True,True,True,True,True,1.0,0.0,-1.0,2025-11
2490,2025-11-03,The Meadows,9,2025-11-03T00:00:00.000Z,525,281824,MEPUNGA TULLY,2,7.8,427633.0,0,2.4,-13.070586818300772,-0.2,2.1999999999999997,2490_R9,1.0,1.0,0.12820512820512822,469.8910755124813,True,True,True,True,True,True,1.0,0.0,-1.0,2025-11
2504,2025-11-07,Bendigo,3,2025-11-07T00:00:00.000Z,425,286700,PAT ABILITY,5,6.9,45059.375,0,2.0,-16.66501834283189,0.0,2.0,2504_R3,1.0,1.0,0.14492753623188406,473.26289473561945,True,True,True,True,True,True,1.0,0.0,-1.0,2025-11
2510,2025-11-09,Healesville,12,2025-11-09T00:00:00.000Z,300,315346,ESSENCE,4,5.2,30777.5,1,2.4,-5.2379177498814435,0.0,2.4,2510_R12,1.0,1.0,0.1923076923076923,470.9384017142148,True,True,True,True,True,True,1.0,5.2,4.2,2025-11
2520,2025-11-12,Bendigo,8,2025-11-12T00:00:00.000Z,500,280729,I'M HONEY,4,4.0,38940.0,0,2.4,-15.568098299646115,0.0,2.4,2520_R8,1.0,1.0,0.25,504.44444444444446,True,True,True,True,True,True,0.75,0.0,-0.75,2025-11
2523,2025-11-13,Bendigo,6,2025-11-13T00:00:00.000Z,500,280697,ANGRY CHIEF,1,9.7,31715.0,1,2.8,-15.166174047832595,-0.3,2.5,2523_R6,1.0,1.0,0.10309278350515465,471.8289561200928,True,True,True,True,True,True,1.0,9.7,8.7,2025-11
2525,2025-11-13,Warrnambool,9,2025-11-13T00:00:00.000Z,450,280784,REUBEN HILL,3,8.1,36650.0,0,2.8,-10.380814190402159,-0.1,2.6999999999999997,2525_R9,1.0,1.0,0.1234567901234568,447.6419759261009,True,True,True,True,True,True,1.0,0.0,-1.0,2025-11
2534,2025-11-16,Sale,6,2025-11-16T00:00:00.000Z,435,308931,DADDY COOL,1,9.8,32095.0,0,3.2,-17.723175164795098,-0.3,2.9000000000000004,2534_R6,1.0,1.0,0.1020408163265306,396.0348749138929,True,True,True,True,True,True,1.0,0.0,-1.0,2025-11
2546,2025-11-20,Geelong,11,2025-11-20T00:00:00.000Z,400,318672,SKETCHY DEMOS,2,11.3,39135.625,0,2.6,-11.209588632745348,-0.2,2.4,2546_R11,1.0,1.0,0.08849557522123894,468.91938295772127,True,True,True,True,True,True,1.5,0.0,-1.5,2025-11
2556,2025-11-23,Healesville,4,2025-11-23T00:00:00.000Z,300,283682,SHORT STRAW TREV,8,5.3,62085.0,0,2.0,-4.314810625889155,0.3,2.3,2556_R4,1.0,1.0,0.18867924528301888,483.585550516539,True,True,True,True,True,True,1.0,0.0,-1.0,2025-11
2560,2025-11-24,Shepparton,6,2025-11-24T00:00:00.000Z,450,281797,PAPA EASY,7,5.4,35795.0,0,2.4,-12.59645967080604,0.2,2.6,2560_R6,1.0,1.0,0.18518518518518517,472.70975025512234,True,True,True,True,True,True,1.0,0.0,-1.0,2025-11
2564,2025-11-25,Warragul,10,2025-11-25T00:00:00.000Z,400,281840,PRETTY FOLLIE,4,18.0,34805.0,0,1.8,-4.404224701598933,0.0,1.8,2564_R10,1.0,1.0,0.05555555555555555,491.7460317460317,True,True,True,True,True,True,1.5,0.0,-1.5,2025-11
2569,2025-11-27,The Meadows,5,2025-11-27T00:00:00.000Z,600,281792,IRISH NIKKI,1,4.1,81176.875,0,2.4,-13.128642237654855,-0.3,2.1,2569_R5,1.0,1.0,0.24390243902439027,475.57346787110157,True,True,True,True,True,True,0.75,0.0,-0.75,2025-11
2578,2025-11-29,Sandown Park,10,2025-11-29T00:00:00.000Z,515,288226,SPRITELY SIAN,4,25.3,85670.0,0,1.6,-7.634763284102337,0.0,1.6,2578_R10,1.0,1.0,0.039525691699604744,473.7594601075274,True,True,True,True,True,True,2.0,0.0,-2.0,2025-11
2782,2025-11-27,Mount Gambier,8,2025-11-27T00:00:00.000Z,512,304048,TIME AFTER TIME,1,1.7,55530.0,0,2.6,-39.51633772677967,-0.3,2.3000000000000003,2782_R8,1.0,1.0,0.5882352941176471,486.3387306141969,True,True,True,True,True,True,0.5,0.0,-0.5,2025-11
2792,2025-11-08,Cannington,5,2025-11-08T00:00:00.000Z,520,337668,RHYTHMIC MOMENT,5,17.0,43480.0,0,3.2,-35.91280430245294,0.0,3.2,2792_R5,1.0,1.0,0.058823529411764705,498.25408165965445,True,True,True,True,True,True,1.5,0.0,-1.5,2025-11
2581,2025-11-01,Dubbo,8,2025-11-01T00:00:00.000Z,318,296887,ME STYLE,2,2.7,32275.0,0,3.6,-18.395958741594228,-0.2,3.4,2581_R8,1.0,1.0,0.37037037037037035,509.50951751867086,True,True,True,True,True,True,0.5,0.0,-0.5,2025-11
2603,2025-11-07,Goulburn,5,2025-11-07T00:00:00.000Z,440,296599,AUSSIE BLEND,5,5.5,31780.0,1,3.2,-3.7665321113773502,0.0,3.2,2603_R5,1.0,1.0,0.18181818181818182,72.72727272727273,True,True,True,True,True,True,1.0,5.5,4.5,2025-11
2628,2025-11-14,Goulburn,3,2025-11-14T00:00:00.000Z,350,293842,TICKETS PLEASE,2,2.15,33865.0,1,2.8,-2.4287426603614977,-0.2,2.5999999999999996,2628_R3,1.0,1.0,0.46511627906976744,186.04651162790697,True,True,True,True,True,True,0.5,1.075,0.575,2025-11
2628,2025-11-14,Goulburn,11,2025-11-14T00:00:00.000Z,350,290612,SPRING GOLD,4,4.6,36170.0,1,5.6,-17.996883454320294,0.0,5.6,2628_R11,1.0,1.0,0.2173913043478261,86.95652173913044,True,True,True,True,True,True,0.75,3.4499999999999997,2.6999999999999997,2025-11
2650,2025-11-20,Richmond (RIS),8,2025-11-20T00:00:00.000Z,324,291583,RUINATION,7,5.5,58045.0,0,2.4,-0.9160360687199459,0.2,2.6,2650_R8,1.0,1.0,0.18181818181818182,72.72727272727273,True,True,True,True,True,True,1.0,0.0,-1.0,2025-11
2653,2025-11-21,Goulburn,3,2025-11-21T00:00:00.000Z,440,296614,BE WOWED,1,1.7,53755.0,1,2.6,0.3578013904802078,-0.3,2.3000000000000003,2653_R3,1.0,1.0,0.5882352941176471,235.29411764705884,True,True,True,True,True,True,0.5,0.85,0.35,2025-11
2653,2025-11-21,Goulburn,8,2025-11-21T00:00:00.000Z,350,298366,ARIA'S DREAM,7,2.8,52785.0,0,3.2,-5.873358859968685,0.2,3.4000000000000004,2653_R8,1.0,1.0,0.35714285714285715,142.85714285714286,True,True,True,True,True,True,0.5,0.0,-0.5,2025-11
2658,2025-11-22,Wentworth Park,4,2025-11-22T00:00:00.000Z,520,293852,KIWI HARRY,4,18.0,56200.0,0,2.4,-8.32416378852481,0.0,2.4,2658_R4,1.0,1.0,0.05555555555555555,468.66096866096865,True,True,True,True,True,True,1.5,0.0,-1.5,2025-11
2671,2025-11-27,Casino,5,2025-11-27T00:00:00.000Z,411,299504,DOING FINE,4,10.0,63885.0,0,3.8,-21.592068436522382,0.0,3.8,2671_R5,1.0,1.0,0.1,483.8771345165207,True,True,True,True,True,True,1.5,0.0,-1.5,2025-11
2675,2025-11-28,Goulburn,6,2025-11-28T00:00:00.000Z,350,291133,WATCHMAKER,4,5.5,46675.0,1,2.4,-9.321149319896584,0.0,2.4,2675_R6,1.0,1.0,0.18181818181818182,72.72727272727273,True,True,True,True,True,True,1.0,5.5,4.5,2025-11
2675,2025-11-28,Goulburn,7,2025-11-28T00:00:00.000Z,440,291097,BALMORAL QUEEN,1,2.6,51145.0,1,3.4,-7.384151423101287,-0.3,3.1,2675_R7,1.0,1.0,0.3846153846153846,153.84615384615384,True,True,True,True,True,True,0.5,1.3,0.8,2025-11
2675,2025-11-28,Goulburn,9,2025-11-28T00:00:00.000Z,350,290612,SPRING GOLD,8,1.7,36170.0,1,4.6,-6.698472847966758,0.3,4.8999999999999995,2675_R9,1.0,1.0,0.5882352941176471,235.29411764705884,True,True,True,True,True,True,0.5,0.85,0.35,2025-11
2675,2025-11-28,Goulburn,10,2025-11-28T00:00:00.000Z,440,282257,ZIPPING GATSBY,1,3.5,31090.0,1,6.0,-11.763761437522607,-0.3,5.7,2675_R10,1.0,1.0,0.2857142857142857,114.28571428571428,True,True,True,True,True,True,0.75,2.625,1.875,2025-11
2675,2025-11-28,Goulburn,12,2025-11-28T00:00:00.000Z,350,295585,DESPICABLE DASH,6,5.5,30475.0,1,3.4,-6.883666111773358,0.1,3.5,2675_R12,1.0,1.0,0.18181818181818182,72.72727272727273,True,True,True,True,True,True,1.0,5.5,4.5,2025-11
2678,2025-11-29,Dubbo,8,2025-11-29T00:00:00.000Z,400,292213,WESTSIDE BLISS,8,8.0,35475.0,0,1.8,-10.430573766988292,0.3,2.1,2678_R8,1.0,1.0,0.125,526.7324467324468,True,True,True,True,True,True,1.0,0.0,-1.0,2025-11
