Track,Race#,Distance,Box,Dog Name,HistoricalPaceAvg,NumPaces,MostRecentPace,Best3RacePace,Last5PaceValues,RecentWins,RecentRaces,WinRate%,Last5Results,StartingPrice,PaceScore(0-1),FormScore(0-1),WeightedScore(0-1)
Warragul,6,460,7,BLUE LABUBU,3.3284,5.0,1.1313,6.5521,1.13|6.55|2.47|-0.38|6.86,4,5,80.0,WWW2W,2.74,0.8665,0.8,0.8465
Mandurah,10,400,1,INFRARED GEM,8.6674,5.0,-7.2449,81.5663,-7.24|-3.75|81.57|-20.97|-6.26,1,5,20.0,57W54,3.6,1.0,0.2,0.76
Townsville,1,380,7,FEDERAL ICEMAN,-2.6594,5.0,-0.5517,-0.5517,-0.55|-3.97|-2.4|-5.37|-1.0,4,5,80.0,W3WWW,2.76,0.7167,0.8,0.7417
Townsville,4,380,4,UNTAMED VELOCITY,-1.2167,5.0,-1.5815,-1.5815,-1.58|-2.24|-3.19|0.9|0.02,3,5,60.0,23WWW,2.4,0.7528,0.6,0.707
Warragul,9,400,4,ZIPPING ARVADA,-1.8605,5.0,-4.3263,2.9557,-4.33|2.96|-0.16|-2.23|-5.54,3,5,60.0,6WWW4,4.6,0.7367,0.6,0.6957
Gosford,3,388,2,NOVA REIGN,-5.6654,5.0,-4.4067,-0.5149,-4.41|-8.03|-0.51|-9.7|-5.67,4,5,80.0,WWW2W,2.68,0.6416,0.8,0.6891
Bulli,5,400,6,WHISTLE WAVE,-2.2464,5.0,-3.9848,-2.8569,-3.98|-4.67|-2.86|-0.97|1.25,3,5,60.0,W32WW,2.86,0.7271,0.6,0.689
Townsville,10,380,4,MAISIE MOO MOO,1.0026,5.0,-1.8019,3.922,-1.8|3.92|2.31|3.3|-2.72,2,5,40.0,42WW3,2.26,0.8083,0.4,0.6858
Townsville,5,498,8,NAVABI,-2.6992,5.0,-6.078,3.8848,-6.08|3.88|-8.12|0.45|-3.63,3,5,60.0,8W3WW,4.8,0.7157,0.6,0.681
Townsville,10,380,8,SOUTHPAW MCGRAW,-0.3303,5.0,-2.9447,3.0276,-2.94|0.78|3.03|-2.68|0.17,2,5,40.0,53WW3,2.66,0.775,0.4,0.6625
Townsville,2,380,4,STARRY RAYMAR,-0.5614,5.0,-2.5438,-1.6817,-2.54|-1.68|-7.55|5.7|3.27,2,5,40.0,422WW,2.12,0.7692,0.4,0.6584
Bulli,5,400,2,CLEAN ENGINES,-5.7404,5.0,-1.6711,-1.6711,-1.67|-7.06|-10.84|-3.01|-6.12,3,5,60.0,WW42W,2.46,0.6397,0.6,0.6278
Townsville,5,498,3,SLIM NIKITA,-6.0017,5.0,-7.9447,-3.7923,-7.94|-3.79|-5.02|-8.92|-4.34,3,5,60.0,32WWW,3.4,0.6332,0.6,0.6232
Mandurah,8,400,3,HUDSON,-6.121,5.0,-1.7736,-1.4704,-1.77|-1.47|-3.84|-2.75|-20.77,3,5,60.0,2WWW5,2.32,0.6302,0.6,0.6211
Warragul,10,400,2,ASTON BOOST,-3.0709,5.0,-5.665,3.3092,-5.66|3.31|-3.5|0.2|-9.7,2,5,40.0,53WW4,3.3,0.7065,0.4,0.6145
Townsville,6,498,2,SPEEDY BEN,-3.8316,5.0,-9.8019,1.0276,-9.8|-3.51|1.03|-2.43|-4.45,2,5,40.0,662WW,2.86,0.6874,0.4,0.6012
Townsville,1,380,1,ASTON ELISHA,-4.1863,5.0,-1.5422,-1.5422,-1.54|-3.87|-1.72|-10.09|-3.72,2,5,40.0,W2W52,4.5,0.6786,0.4,0.595
Townsville,4,380,2,GIDGEE BUG,-4.5027,5.0,-7.9803,-1.0168,-7.98|-1.02|-6.15|-7.26|-0.1,2,5,40.0,5W65W,3.4,0.6706,0.4,0.5895
Warragul,9,400,2,IN ACTION,-1.5926,5.0,2.8168,2.8168,2.82|-7.1|-2.17|2.23|-3.74,1,5,20.0,22W22,1.92,0.7434,0.2,0.5804
Gosford,5,515,6,GOLDEN PHARAOH,-8.472,5.0,-6.6607,-3.7435,-6.66|-3.74|-6.05|-10.84|-15.06,3,5,60.0,3WW4W,2.46,0.5714,0.6,0.58
Townsville,3,380,8,FARMOR JACUZZIS,-5.4542,5.0,-1.2389,-0.3305,-1.24|-0.33|-10.24|-8.16|-7.3,2,5,40.0,2W5W3,2.32,0.6469,0.4,0.5728
Townsville,5,498,4,CAWBOURNE SLICK,-5.503,5.0,-4.3733,-0.6867,-4.37|-6.22|-0.69|-7.25|-8.98,2,5,40.0,W4W54,3.7,0.6456,0.4,0.5719
Townsville,7,498,7,PHOENIX SILVER,-5.5955,5.0,-3.8019,-1.9352,-3.8|-1.94|-10.15|-10.09|-2.0,2,5,40.0,2W34W,1.83,0.6433,0.4,0.5703
Gosford,6,515,7,UNLEASH BEETSON,-5.9543,5.0,-7.2321,-6.5185,-7.23|-8.24|-6.52|-0.45|-7.34,2,5,40.0,422WW,2.36,0.6343,0.4,0.564
Warragul,9,400,1,PAW QUARK,-2.7353,5.0,-4.5014,-0.8468,-4.5|-3.89|-0.85|-5.75|1.31,1,5,20.0,62W42,3.4,0.7148,0.2,0.5604
Mandurah,5,400,4,SUNSET ESTRELLA,-9.7879,5.0,-11.8041,-8.0073,-11.8|-8.01|-9.26|-19.69|-0.18,3,5,60.0,W2W2W,2.76,0.5385,0.6,0.5569
Warragul,12,400,2,SPRING WATCH,-3.2464,5.0,-2.0546,-1.7116,-2.05|-1.71|-8.1|-7.41|3.04,1,5,20.0,337W2,2.5,0.7021,0.2,0.5514
Gosford,5,515,3,MORNING DAYLIGHT,-6.8155,5.0,0.2741,0.2741,0.27|-3.14|-12.79|-15.1|-3.32,2,5,40.0,W253W,2.42,0.6128,0.4,0.549
Warragul,10,400,3,ALWAYS SHARE,-6.8217,5.0,-4.0836,-4.0836,-4.08|-8.66|-10.46|-4.44|-6.47,2,5,40.0,WW554,5.0,0.6127,0.4,0.5489
Warragul,5,460,1,CANYA LEXI,-3.4705,5.0,-5.7529,1.2842,-5.75|-1.26|1.28|-1.62|-10.0,1,5,20.0,343W6,4.0,0.6965,0.2,0.5475
Townsville,3,380,7,MAPLE WAVE,-3.7373,5.0,-7.5517,-0.8279,-7.55|-0.83|-1.87|-3.43|-5.01,1,5,20.0,W2324,4.0,0.6898,0.2,0.5429
Warragul,7,460,2,DR. PATRICK,-3.9841,5.0,-7.2407,-7.0524,-7.24|-10.04|-7.05|-2.13|6.54,1,5,20.0,5432W,3.9,0.6836,0.2,0.5385
Warragul,10,400,6,I'M FABULOUS,-1.0791,5.0,-4.855,0.9664,-4.85|0.97|-3.13|0.76|0.86,0,5,0.0,46322,3.3,0.7563,0.0,0.5294
Warragul,2,460,3,DEVIL'S SYMPATHY,-4.5067,5.0,5.0165,5.0165,5.02|-15.21|-6.29|-2.36|-3.7,1,5,20.0,W6563,2.14,0.6705,0.2,0.5294
Bulli,8,340,2,CAWDOR,-7.9926,5.0,-4.8422,-4.6432,-4.84|-6.53|-4.64|-13.2|-10.75,2,5,40.0,3W45W,2.96,0.5834,0.4,0.5284
Bulli,4,400,7,SLOY WAVE,-4.6011,5.0,-6.4134,-3.6862,-6.41|-4.67|-3.69|-5.8|-2.43,1,5,20.0,3W222,3.95,0.6682,0.2,0.5277
Bulli,11,340,8,POCKET TALK,-8.0702,5.0,-1.1838,0.4492,-1.18|-6.57|0.45|-13.61|-19.43,2,5,40.0,W5W57,4.3,0.5814,0.4,0.527
Mandurah,4,300,3,CHERRY BELLE,-11.6283,5.0,-8.0129,-4.4064,-8.01|-16.87|-4.41|-10.48|-18.38,3,5,60.0,W8WW3,2.06,0.4925,0.6,0.5247
Townsville,11,380,4,GENGAR WAVE,-5.0271,5.0,-2.9803,-2.9803,-2.98|-3.26|-3.38|-4.86|-10.66,1,5,20.0,23W33,2.26,0.6575,0.2,0.5203
Townsville,8,380,5,JUDI STARLINE,-5.1373,5.0,-4.1231,1.2777,-4.12|-4.83|1.28|-6.15|-11.87,1,5,20.0,46W47,4.3,0.6548,0.2,0.5183
Warragul,10,400,1,SARSAPARILLA KID,-5.209,5.0,-7.3079,-2.0975,-7.31|-2.1|-3.87|-3.86|-8.91,1,5,20.0,5643W,5.0,0.653,0.2,0.5171
Mandurah,5,400,8,SUNSET CHROMIUM,-8.7022,5.0,-9.2327,-6.4359,-9.23|-6.44|-8.12|-17.12|-2.6,2,5,40.0,22WW2,1.93,0.5656,0.4,0.5159
Mandurah,9,400,2,BRAVE ANNIE,-9.1015,5.0,-11.5184,-8.4359,-11.52|-8.44|-10.52|-8.91|-6.12,2,5,40.0,W343W,2.76,0.5556,0.4,0.509
Bulli,5,400,4,FLAMIN' JOE,-9.2157,5.0,-8.3858,-1.6862,-8.39|-1.69|-13.82|-4.53|-17.65,2,5,40.0,5W6W8,3.4,0.5528,0.4,0.507
Townsville,11,380,1,MOONSHINE MAGIC,-9.3443,5.0,-10.2462,-1.9715,-10.25|-1.97|-5.23|-18.47|-10.81,2,5,40.0,5WW86,3.5,0.5496,0.4,0.5047
Gosford,5,515,1,WILBERT,-9.4121,5.0,-5.9315,-5.9315,-5.93|-11.67|-17.87|-0.9|-10.69,2,5,40.0,W47W3,2.46,0.5479,0.4,0.5035
Townsville,3,380,6,ORGANISED KAOS,-9.6308,5.0,-18.4089,1.0292,-18.41|1.03|-17.54|-10.37|-2.86,2,5,40.0,4W84W,4.4,0.5424,0.4,0.4997
Townsville,12,380,2,EXPLOSIVE JEM,-6.2683,5.0,-6.1231,-4.8279,-6.12|-8.48|-4.83|-7.2|-4.72,1,5,20.0,W3522,3.4,0.6265,0.2,0.4985
Gosford,3,388,1,CHOPPER EXPRESS,-9.8935,5.0,-7.2241,-7.2241,-7.22|-9.74|-8.58|-4.3|-19.62,2,5,40.0,2W4W4,2.7,0.5358,0.4,0.4951
Gosford,6,515,2,REMA'S AMETHYST,-6.4856,5.0,-2.375,-2.375,-2.37|-3.95|-5.09|-9.49|-11.52,1,5,20.0,23W55,2.26,0.6211,0.2,0.4947
Townsville,9,380,8,CANYA SPARKLE,-6.5055,5.0,-4.9803,-2.4411,-4.98|-5.87|-2.44|-9.3|-9.94,1,5,20.0,55W56,3.7,0.6206,0.2,0.4944
Townsville,8,380,2,SWING SHIFT,-6.7473,5.0,1.4483,1.4483,1.45|-4.26|-12.69|-16.7|-1.55,1,5,20.0,W4772,3.8,0.6145,0.2,0.4902
Bulli,6,472,7,CUMBRIA GEORGE,-6.8245,5.0,-7.4134,-2.9701,-7.41|-7.76|-2.97|-7.54|-8.44,1,5,20.0,W3354,4.8,0.6126,0.2,0.4888
Mandurah,8,400,8,GEORDIE LAD,-10.3484,5.0,-8.8041,-8.6916,-8.8|-9.15|-8.69|-16.98|-8.12,2,5,40.0,24W3W,2.32,0.5245,0.4,0.4871
Gosford,8,515,3,ROSACKY RAYO,-10.418,5.0,-12.2741,-6.9728,-12.27|-15.31|-6.97|-8.09|-9.44,2,5,40.0,64WW3,1.62,0.5227,0.4,0.4859
Townsville,10,380,2,EMGRAND DRIVE,-7.1096,5.0,-0.1231,-0.1231,-0.12|-7.4|-12.04|-7.83|-8.16,1,5,20.0,W4546,4.2,0.6055,0.2,0.4838
Townsville,8,380,7,JIMMY ROO,-7.4958,5.0,-6.4316,-6.4316,-6.43|-19.58|-6.69|-0.98|-3.79,1,5,20.0,588W3,4.8,0.5958,0.2,0.4771
Bulli,8,340,4,SWAN'S SPIRIT,-7.5845,5.0,-5.2808,-5.1856,-5.28|-11.67|-5.19|-13.4|-2.39,1,5,20.0,6336W,4.4,0.5936,0.2,0.4755
Townsville,5,498,1,FLAMING COMET,-7.6387,5.0,-9.5161,-4.6867,-9.52|-13.36|-4.69|-0.54|-10.09,1,5,20.0,575W3,3.5,0.5922,0.2,0.4746
Warragul,8,460,8,CHEEKY CHOMPERS,-4.2768,5.0,-8.2924,-0.9855,-8.29|-0.99|-4.59|-3.01|-4.51,0,5,0.0,54353,4.2,0.6763,0.0,0.4734
Townsville,8,380,1,GRINCH,-4.3804,5.0,0.3054,0.3054,0.31|-2.29|-5.72|-9.73|-4.47,0,5,0.0,24345,2.56,0.6737,0.0,0.4716
Townsville,4,380,1,LENARD CLYDE,-7.8587,5.0,-4.6946,-2.5422,-4.69|-2.54|-16.88|-6.81|-8.37,1,5,20.0,425W3,4.4,0.5867,0.2,0.4707
Warragul,5,460,5,KELLY JANE,-8.1798,5.0,-6.1233,-1.0169,-6.12|-17.9|-1.02|-11.06|-4.8,1,5,20.0,25W65,4.0,0.5787,0.2,0.4651
Townsville,6,498,1,BUG ME MORE,-5.1303,5.0,-1.3733,-1.3733,-1.37|-3.51|-7.4|-5.25|-8.12,0,5,0.0,32536,1.83,0.655,0.0,0.4585
Warragul,3,400,3,CAPPUCCINA,-8.9562,5.0,0.2883,0.2883,0.29|-7.03|-2.76|-24.82|-10.46,1,5,20.0,38W52,4.8,0.5593,0.2,0.4515
Townsville,9,380,7,HARA'S JED,-5.566,5.0,-6.9447,-2.7223,-6.94|-5.51|-2.72|-5.11|-7.55,0,5,0.0,33524,2.56,0.6441,0.0,0.4508
Q1 Lakeside,14,457,4,WEATHER REPORT,-9.0376,5.0,-10.2389,-8.3113,-10.24|-13.7|-8.31|-10.94|-2.0,1,5,20.0,45W34,3.7,0.5572,0.2,0.4501
Bulli,3,472,3,ENHANCE,-9.0564,5.0,-5.3565,-5.3565,-5.36|-6.96|-7.26|-7.05|-18.66,1,5,20.0,2W354,3.4,0.5568,0.2,0.4497
Mandurah,9,400,7,GLOBAL FLASH,-9.2951,5.0,-11.8041,-4.0073,-11.8|-4.01|-11.77|-8.91|-9.99,1,5,20.0,2W523,4.3,0.5508,0.2,0.4456
Warragul,12,400,3,MR. KIA ORA,-6.0319,5.0,-6.604,-3.9406,-6.6|-3.94|-8.31|3.27|-14.57,0,5,0.0,62625,2.5,0.6324,0.0,0.4427
Townsville,9,380,4,CASH PIRATE,-6.0816,5.0,-10.9447,-3.9352,-10.94|-3.94|-4.12|-5.43|-5.98,0,5,0.0,43352,4.4,0.6312,0.0,0.4418
Geelong,12,400,5,GO ME GO,-9.6018,5.0,-5.5539,-5.5539,-5.55|-5.83|-14.39|-11.44|-10.8,1,5,20.0,3W655,4.8,0.5431,0.2,0.4402
Geelong,12,400,2,MADDY GIBLET,-9.6871,5.0,-10.9539,-6.3611,-10.95|-6.36|-6.73|-16.56|-7.84,1,5,20.0,65W87,2.32,0.541,0.2,0.4387
Gosford,8,515,4,SNEAKY CHAMBER,-9.7208,5.0,-1.8688,-1.8688,-1.87|-19.85|-6.79|-10.3|-9.79,1,5,20.0,2624W,1.62,0.5402,0.2,0.4381
Townsville,1,380,2,VELOCITY SMOLDER,-6.314,5.0,-2.7243,-2.7243,-2.72|-3.52|-9.82|-4.81|-10.69,0,5,0.0,33237,3.7,0.6254,0.0,0.4377
Gosford,11,388,1,SMART MINX,-9.7607,5.0,-12.4859,-7.5143,-12.49|-15.76|-7.51|-5.66|-7.38,1,5,20.0,576W2,3.5,0.5392,0.2,0.4374
Bulli,3,472,8,MARKET MAVERICK,-9.759,5.0,-4.0708,-4.0708,-4.07|-7.33|-18.26|-7.37|-11.77,1,5,20.0,W3556,2.08,0.5392,0.2,0.4374
Townsville,7,498,8,LOCATED,-6.4346,5.0,-5.1231,0.2732,-5.12|0.27|-8.16|-11.84|-7.33,0,5,0.0,32363,2.96,0.6223,0.0,0.4356
Warragul,6,460,2,HONEY RYDER,-9.9405,5.0,1.2375,1.2375,1.24|-15.82|-20.43|-4.97|-9.72,1,5,20.0,W6625,5.0,0.5347,0.2,0.4343
Bulli,7,340,2,VINTAGE MEL,-6.5419,5.0,-8.098,-6.2708,-8.1|-6.27|-6.4|-5.19|-6.75,0,5,0.0,44322,4.8,0.6197,0.0,0.4338
Gosford,7,515,3,HELLO CINDY LOU,-10.1583,5.0,-5.9884,-5.9884,-5.99|-20.16|-8.63|-5.66|-10.35,1,5,20.0,W8354,2.76,0.5292,0.2,0.4305
Bulli,4,400,8,WESTBURN HARADA,-10.212,5.0,-8.842,-4.2576,-8.84|-4.26|-20.67|-10.08|-7.21,1,5,20.0,2W523,4.9,0.5279,0.2,0.4295
Warragul,11,400,8,MICK SWAGGER,-6.9822,5.0,-4.2479,-4.2479,-4.25|-5.85|-13.85|-3.13|-7.84,0,5,0.0,64874,3.4,0.6086,0.0,0.426
Townsville,12,380,5,SET OF SISTERS,-10.8287,5.0,-4.4765,-4.4765,-4.48|-12.2|-9.95|-13.29|-14.23,1,5,20.0,W5463,3.8,0.5125,0.2,0.4187
Warragul,3,400,1,EXTREMITY,-7.4296,5.0,-4.8406,-4.8406,-4.84|-10.87|-5.25|-6.41|-9.77,0,5,0.0,25346,3.9,0.5975,0.0,0.4182
Bulli,7,340,8,MICK'S OVER,-7.4499,5.0,-8.4412,-8.4091,-8.44|-8.41|-11.19|-3.4|-5.81,0,5,0.0,44623,3.5,0.5969,0.0,0.4179
Warragul,5,460,3,BLINKED,-11.0962,5.0,-21.1273,-7.5672,-21.13|-13.71|-7.57|-5.13|-7.94,1,5,20.0,884W6,4.8,0.5058,0.2,0.414
Gosford,11,388,4,FASCINATE JOSIE,-11.2774,5.0,-12.8353,-8.5783,-12.84|-8.58|-12.58|-5.45|-16.94,1,5,20.0,5W224,4.8,0.5012,0.2,0.4109
Bulli,7,340,3,WOOLGOOLGA LASS,-7.8746,5.0,-11.4283,-2.4614,-11.43|-7.4|-2.46|-6.39|-11.69,0,5,0.0,77423,4.2,0.5863,0.0,0.4104
Mandurah,4,300,8,INCREDIBLE LUCKY,-8.0451,5.0,-4.7944,-4.7944,-4.79|-6.43|-6.55|-10.54|-11.9,0,5,0.0,52334,4.8,0.5821,0.0,0.4074
Bulli,9,340,2,CHEEKY CHEESE,-8.152,5.0,-5.6665,-5.6665,-5.67|-9.14|-11.63|-7.2|-7.13,0,5,0.0,23476,4.8,0.5794,0.0,0.4056
Bulli,4,400,2,MY PICASSO,-11.9097,5.0,-8.7682,-6.8305,-8.77|-6.83|-15.32|-22.91|-5.72,1,5,20.0,4377W,2.06,0.4854,0.2,0.3998
Bulli,4,400,6,CRAZED,-8.5252,5.0,-11.2705,-8.4297,-11.27|-9.72|-8.43|-13.48|0.27,0,5,0.0,44773,4.0,0.5701,0.0,0.399
Gosford,10,388,6,CANYA RAPID FIRE,-12.1511,5.0,-11.1145,-6.4013,-11.11|-16.52|-6.4|-14.38|-12.34,1,5,20.0,58W44,4.8,0.4794,0.2,0.3956
Bulli,6,472,1,HARD STYLE GIRL,-8.7196,5.0,-6.5563,-6.5563,-6.56|-6.86|-18.39|-3.72|-8.08,0,5,0.0,44632,4.2,0.5652,0.0,0.3956
Gosford,12,388,3,COBBLESTONE ROAD,-12.2609,5.0,-5.632,-5.632,-5.63|-13.37|-9.36|-11.73|-21.21,1,5,20.0,W4358,4.0,0.4766,0.2,0.3936
Warragul,3,400,2,ASTON FONTAINE,-8.85,5.0,-8.0079,-4.4321,-8.01|-4.98|-4.43|-21.0|-5.84,0,5,0.0,35283,2.4,0.5619,0.0,0.3934
Mandurah,5,400,3,NEON FURY,-12.4062,5.0,-10.0899,-8.5788,-10.09|-8.58|-11.55|-22.69|-9.12,1,5,20.0,34W22,4.8,0.473,0.2,0.3911
Gosford,3,388,3,ELECTRIC ASSENT,-8.9896,5.0,-0.686,-0.686,-0.69|-12.14|-5.96|-18.16|-8.01,0,5,0.0,22355,4.4,0.5584,0.0,0.3909
Q1 Lakeside,14,457,3,CANYA ATOMIC,-9.0188,5.0,-9.5363,-9.5363,-9.54|-10.44|-11.81|-3.16|-10.15,0,5,0.0,32322,1.58,0.5577,0.0,0.3904
Gosford,5,515,7,TARAWI BRUMBY,-9.0346,5.0,-6.2741,-6.2741,-6.27|-9.39|-11.02|-10.06|-8.43,0,5,0.0,22426,4.5,0.5573,0.0,0.3901
Bulli,7,340,7,SLEEK APOLLO,-9.1095,5.0,-10.2971,-0.2903,-10.3|-0.29|-4.87|-17.01|-13.07,0,5,0.0,27724,3.7,0.5554,0.0,0.3888
Gosford,10,388,7,RUBY BLINDER,-12.5942,5.0,-8.5047,-8.5047,-8.5|-18.57|-8.61|-10.78|-16.5,1,5,20.0,W7445,3.1,0.4683,0.2,0.3878
Angle Park,10,342,5,CABINTEELY,-12.6064,5.0,-14.4093,-9.368,-14.41|-15.69|-9.37|-14.21|-9.36,1,5,20.0,66W33,2.76,0.468,0.2,0.3876
Warragul,7,460,6,DAINTREE SNIPER,-9.2395,5.0,-0.4835,-0.4835,-0.48|-13.22|-6.75|-14.16|-11.59,0,5,0.0,34562,3.5,0.5522,0.0,0.3865
Angle Park,6,342,8,OUR BELLA ROSE,-12.7231,5.0,-11.7041,-11.7041,-11.7|-11.8|-17.29|-12.82|-10.01,1,5,20.0,4W552,4.9,0.4651,0.2,0.3856
Gosford,7,515,2,HE'S BON'S BOY,-9.4514,5.0,-7.2172,-7.2172,-7.22|-11.86|-8.9|-11.49|-7.8,0,5,0.0,25575,3.9,0.5469,0.0,0.3828
Gosford,12,388,4,JILLIBY SCOTTY,-9.4654,5.0,-7.7716,-7.7716,-7.77|-12.37|-9.76|-5.51|-11.91,0,5,0.0,23863,2.66,0.5465,0.0,0.3826
Warragul,8,460,6,MIGHTY HEIGHTY,-13.0828,5.0,-10.4618,-10.4618,-10.46|-16.13|-15.61|-16.06|-7.16,1,5,20.0,345W3,2.64,0.4561,0.2,0.3793
Q1 Lakeside,14,457,6,RUN WITH FRANK,-13.0929,5.0,-19.1398,-8.1285,-19.14|-20.82|-8.13|-14.46|-2.92,1,5,20.0,44W22,4.9,0.4558,0.2,0.3791
Warragul,7,460,7,LAUNCH MODE,-13.1032,5.0,-6.8067,-3.3672,-6.81|-14.25|-3.37|-35.4|-5.69,1,5,20.0,35W75,4.4,0.4556,0.2,0.3789
Angle Park,9,342,8,OUZO AND COKE,-13.1333,5.0,-13.8378,-6.4979,-13.84|-6.5|-16.62|-17.92|-10.79,1,5,20.0,5W543,3.3,0.4548,0.2,0.3784
Warragul,11,400,7,CATCH A CUTIE,-13.1512,5.0,-14.6875,-13.293,-14.69|-15.11|-13.29|-13.47|-9.2,1,5,20.0,355W8,3.8,0.4544,0.2,0.3781
Gosford,7,515,1,FAWN RUPEE,-9.883,5.0,-14.9884,-7.8118,-14.99|-7.81|-18.23|-5.52|-2.86,0,5,0.0,83734,4.2,0.5361,0.0,0.3753
Warragul,5,460,2,MIA NEO,-10.0583,5.0,-9.2344,-9.1715,-9.23|-15.22|-9.17|-9.9|-6.77,0,5,0.0,66764,4.8,0.5317,0.0,0.3722
Gosford,9,388,1,IKIGAI,-10.2471,5.0,-12.4562,-9.864,-12.46|-9.86|-13.56|-6.25|-9.1,0,5,0.0,62547,2.16,0.527,0.0,0.3689
Bulli,9,340,6,JET'S DIGGER,-10.2802,5.0,-13.8522,-8.2021,-13.85|-10.1|-8.2|-11.41|-7.83,0,5,0.0,73655,2.96,0.5262,0.0,0.3683
Angle Park,5,342,1,TENACIOUS DESIGN,-13.733,5.0,-12.1235,-5.4979,-12.12|-5.5|-16.05|-14.15|-20.85,1,5,20.0,6W237,2.36,0.4398,0.2,0.3679
Gosford,4,603,2,BLAZING PRINCE,-13.8072,5.0,-9.9884,-9.9884,-9.99|-11.81|-16.68|-14.99|-15.57,1,5,20.0,5W837,3.5,0.438,0.2,0.3666
Gosford,2,388,1,MAGIC WYLDE,-10.4106,5.0,-14.087,-7.8006,-14.09|-8.77|-7.8|-12.16|-9.23,0,5,0.0,72473,1.66,0.5229,0.0,0.366
Gosford,4,603,5,CANYA NEGOTIATE,-13.8594,5.0,-15.8456,-3.4216,-15.85|-14.13|-3.42|-24.74|-11.16,1,5,20.0,53W53,2.56,0.4367,0.2,0.3657
Townsville,12,380,8,THREE HEARTS,-10.4298,5.0,-15.0876,-8.0935,-15.09|-9.73|-8.09|-15.95|-3.29,0,5,0.0,62282,3.9,0.5224,0.0,0.3657
Angle Park,10,342,1,INTEGRATOR,-10.4493,5.0,-9.9807,-9.9807,-9.98|-10.7|-10.91|-11.35|-9.3,0,5,0.0,24222,2.96,0.5219,0.0,0.3654
Bulli,10,340,4,HUMBLE TIGRESS,-10.657,5.0,-11.3942,-8.8569,-11.39|-11.27|-8.86|-12.53|-9.24,0,5,0.0,57362,2.46,0.5167,0.0,0.3617
Angle Park,1,342,1,JAZZY BOO,-10.8708,5.0,-5.3707,-5.3707,-5.37|-9.7|-12.79|-10.27|-16.22,0,5,0.0,25455,2.96,0.5114,0.0,0.358
Gosford,4,603,4,LIGHTNING HUNTER,-14.3035,5.0,-10.1596,-10.1596,-10.16|-26.99|-11.54|-14.7|-8.13,1,5,20.0,253W2,4.4,0.4256,0.2,0.3579
Mandurah,10,400,7,WAVE OF FUN,-11.1126,5.0,-14.947,-5.3878,-14.95|-8.48|-5.39|-12.76|-13.98,0,5,0.0,56454,2.66,0.5054,0.0,0.3537
Angle Park,6,342,2,FOUL THROW,-11.2406,5.0,-11.1379,2.2007,-11.14|2.2|-12.15|-19.93|-15.19,0,5,0.0,22256,3.0,0.5021,0.0,0.3515
Angle Park,5,342,5,SLIPPER'S SHINE,-11.4147,5.0,-11.695,-11.695,-11.69|-15.12|-14.36|-10.13|-5.77,0,5,0.0,54654,4.9,0.4978,0.0,0.3485
Angle Park,10,342,7,ALL THE BLING,-11.6738,5.0,-12.5318,-5.1327,-12.53|-5.13|-17.05|-13.64|-10.02,0,5,0.0,42653,4.8,0.4913,0.0,0.3439
Warragul,6,460,8,PAW GERTRUDE,-11.8698,5.0,-9.6661,-7.9875,-9.67|-7.99|-10.43|-8.38|-22.89,0,5,0.0,44428,3.1,0.4864,0.0,0.3405
Gosford,2,388,2,SPEEDY HOUDINI,-11.8718,5.0,-12.6584,-3.5149,-12.66|-3.51|-10.35|-17.77|-15.07,0,5,0.0,52563,4.4,0.4864,0.0,0.3405
Bulli,8,340,8,UPENDED,-11.89,5.0,-11.5213,-7.9067,-11.52|-14.45|-7.91|-12.72|-12.86,0,5,0.0,54426,2.12,0.4859,0.0,0.3401
Angle Park,7,342,8,DISTRICTS DUB,-15.3246,5.0,-12.3551,-12.3551,-12.36|-20.05|-14.35|-14.3|-15.56,1,5,20.0,242W5,4.7,0.4,0.2,0.34
Geelong,13,400,4,ALBORZ GIRL,-11.9072,5.0,-4.0403,-4.0403,-4.04|-21.52|-8.41|-16.04|-9.52,0,5,0.0,68875,1.87,0.4855,0.0,0.3398
Mandurah,9,400,1,DIXIE LAD,-15.404,5.0,-14.5184,-14.5184,-14.52|-14.81|-17.67|-16.02|-14.01,1,5,20.0,4674W,2.12,0.398,0.2,0.3386
Angle Park,9,342,4,THUNDERING LADY,-12.2769,5.0,-11.5521,-9.2122,-11.55|-9.21|-12.42|-15.76|-12.43,0,5,0.0,23244,4.6,0.4762,0.0,0.3334
Bulli,7,340,4,WRITTEN IN GOLD,-12.4422,5.0,-6.4412,-5.7292,-6.44|-5.73|-17.68|-17.15|-15.21,0,5,0.0,35722,3.4,0.4721,0.0,0.3305
Mandurah,10,400,4,SUNSET SNITCH,-12.518,5.0,-18.0899,-7.9459,-18.09|-15.22|-7.95|-10.77|-10.57,0,5,0.0,78353,3.5,0.4702,0.0,0.3291
Angle Park,4,342,1,WEBLEC ASTRA,-16.019,5.0,-14.1235,-14.1235,-14.12|-17.57|-17.91|-14.85|-15.65,1,5,20.0,W2225,3.95,0.3827,0.2,0.3279
Gosford,10,388,8,GRAND BLAZER,-12.7463,5.0,-15.7027,-8.3663,-15.7|-10.96|-8.37|-16.23|-12.47,0,5,0.0,76356,2.66,0.4645,0.0,0.3251
Bulli,9,340,7,STEAL A MARCH,-16.194,5.0,-6.7141,-6.7141,-6.71|-24.34|-9.65|-27.86|-12.41,1,5,20.0,W7373,2.02,0.3783,0.2,0.3248
Angle Park,9,342,5,LALA BUFFY,-12.7876,5.0,-14.8522,-14.5777,-14.85|-15.12|-14.58|-15.34|-4.06,0,5,0.0,34483,2.86,0.4635,0.0,0.3244
Mandurah,4,300,5,CATHY'S GIRL,-12.8126,5.0,-11.0073,-11.0073,-11.01|-16.29|-11.71|-15.01|-10.05,0,5,0.0,75844,4.8,0.4628,0.0,0.324
Angle Park,8,342,8,RUSSO,-12.8566,5.0,-18.6408,-10.8617,-18.64|-14.62|-10.86|-13.43|-6.73,0,5,0.0,54454,4.8,0.4617,0.0,0.3232
Bulli,10,340,2,SUNNY SUE,-12.8989,5.0,-13.4134,-11.5863,-13.41|-11.59|-12.46|-10.64|-16.4,0,5,0.0,58826,2.22,0.4607,0.0,0.3225
Angle Park,7,342,2,BELLA MAPLE,-16.4061,5.0,-17.0485,-15.3522,-17.05|-21.76|-15.35|-15.16|-12.71,1,5,20.0,653W2,4.7,0.373,0.2,0.3211
Mandurah,9,400,4,TRUNKEY FRANK,-13.0306,5.0,-6.7874,-6.7874,-6.79|-14.32|-9.83|-14.76|-19.45,0,5,0.0,25475,4.8,0.4574,0.0,0.3202
Gosford,10,388,1,ARMATREE FREDDO,-13.1496,5.0,-22.4036,-8.7006,-22.4|-8.7|-9.02|-11.11|-14.51,0,5,0.0,63537,4.2,0.4544,0.0,0.3181
Bulli,3,472,5,WHERE'S MASON,-13.4461,5.0,-17.1437,-9.0204,-17.14|-9.02|-14.92|-15.06|-11.09,0,5,0.0,53333,4.8,0.447,0.0,0.3129
Angle Park,6,342,4,HAYRIDE WARNER,-13.5945,5.0,-9.2461,-9.2461,-9.25|-9.4|-18.85|-21.19|-9.28,0,5,0.0,22652,2.06,0.4433,0.0,0.3103
Q1 Lakeside,1,457,4,ZAWADI,-13.9208,5.0,-14.7646,-13.091,-14.76|-13.09|-16.65|-13.33|-11.76,0,5,0.0,63853,3.65,0.4351,0.0,0.3046
Geelong,1,460,2,LET'S CAUSE KAOS,-14.2158,5.0,-18.7613,-9.72,-18.76|-9.72|-13.25|-15.79|-13.56,0,5,0.0,84533,2.38,0.4277,0.0,0.2994
Angle Park,4,342,7,ROAD LESS TRAVEL,-14.4276,5.0,-23.5318,-8.7041,-23.53|-8.7|-16.25|-17.29|-6.36,0,5,0.0,52654,4.8,0.4225,0.0,0.2957
Angle Park,7,342,7,BINGO QUEEN,-18.334,5.0,-11.1235,-11.1235,-11.12|-17.36|-25.71|-18.19|-19.29,1,5,20.0,W5625,2.96,0.3248,0.2,0.2873
Angle Park,8,342,1,DON'T TALK BACK,-14.9695,5.0,-16.2755,-14.607,-16.28|-26.07|-14.61|-11.85|-6.04,0,5,0.0,66555,3.5,0.4089,0.0,0.2862
Angle Park,4,342,4,ADHANA JASPER,-15.0497,5.0,-12.5521,-12.5521,-12.55|-14.91|-14.78|-19.87|-13.13,0,5,0.0,23322,3.55,0.4069,0.0,0.2848
Geelong,13,400,5,ARKA AIR,-15.1151,5.0,-10.7739,-10.7739,-10.77|-18.12|-16.82|-21.43|-8.43,0,5,0.0,32768,4.8,0.4053,0.0,0.2837
Mandurah,4,300,1,TINY VIOLIN,-18.5868,5.0,-9.1557,-9.1557,-9.16|-15.07|-12.04|-32.83|-23.83,1,5,20.0,27W66,4.8,0.3184,0.2,0.2829
Mandurah,10,400,2,SUNSET VENDETTA,-15.2375,5.0,-18.5184,-6.8468,-18.52|-6.85|-14.3|-23.22|-13.3,0,5,0.0,84737,3.8,0.4022,0.0,0.2815
Angle Park,8,342,5,BONNIE DIVA,-15.2938,5.0,-11.8378,-11.8378,-11.84|-14.5|-17.62|-12.21|-20.3,0,5,0.0,24336,3.1,0.4008,0.0,0.2806
Mandurah,3,400,6,DODGY SONNY,-18.9473,5.0,-14.947,-12.5788,-14.95|-12.58|-14.69|-25.69|-26.83,1,5,20.0,W3237,4.2,0.3094,0.2,0.2766
Bulli,1,340,2,JUST MARG,-15.751,5.0,-18.2984,-9.6043,-18.3|-9.6|-21.41|-18.97|-10.47,0,5,0.0,54363,2.22,0.3894,0.0,0.2725
Gosford,12,388,6,I'M EXHIBIT TWO,-16.2871,5.0,-17.8353,-14.3492,-17.84|-14.35|-19.58|-14.84|-14.83,0,5,0.0,25867,2.58,0.3759,0.0,0.2632
Gosford,1,388,8,ZIPPING TY,-16.365,5.0,-20.3488,-14.9035,-20.35|-15.44|-14.9|-17.19|-13.94,0,5,0.0,73457,2.66,0.374,0.0,0.2618
Angle Park,7,342,5,FANCY IN DESIGN,-19.903,5.0,-14.9807,-14.9807,-14.98|-26.91|-27.16|-10.56|-19.9,1,5,20.0,365W2,4.9,0.2855,0.2,0.2599
Angle Park,8,342,4,GLENAGEARY,-16.801,5.0,-15.9807,-15.9807,-15.98|-23.65|-27.21|-10.61|-6.55,0,5,0.0,36535,4.8,0.3631,0.0,0.2542
Mandurah,3,400,2,SUNSET VANADIUM,-17.0165,5.0,-25.3756,-13.4359,-25.38|-13.44|-16.83|-20.98|-8.46,0,5,0.0,34322,2.9,0.3577,0.0,0.2504
Q1 Lakeside,1,457,6,NAUGHTY BROOKE,-17.4781,5.0,-28.2827,-13.9655,-28.28|-13.97|-17.81|-17.13|-10.2,0,5,0.0,62325,4.9,0.3462,0.0,0.2423
Angle Park,3,342,7,WATCH ME DESIGN,-17.7268,5.0,-15.7455,-15.7455,-15.75|-16.0|-18.7|-20.1|-18.09,0,5,0.0,53632,2.56,0.3399,0.0,0.238
Mandurah,2,400,4,BLUE DENIM,-18.4633,5.0,-23.947,-9.4359,-23.95|-9.44|-17.12|-29.55|-12.27,0,5,0.0,52453,4.2,0.3215,0.0,0.2251
Mandurah,6,488,8,SZYSLAK,-19.6308,5.0,-21.4064,-11.8953,-21.41|-11.9|-23.15|-28.15|-13.55,0,5,0.0,22724,3.2,0.2923,0.0,0.2046
Mandurah,3,400,8,SMELL LIKE ROSE,-19.9961,5.0,-18.6613,-15.6096,-18.66|-15.61|-20.87|-29.72|-15.12,0,5,0.0,22325,4.8,0.2832,0.0,0.1982
Gosford,1,388,6,BLACKPOOL GIGI,-20.0365,5.0,-13.8288,-11.7749,-13.83|-11.77|-16.14|-29.79|-28.64,0,5,0.0,32566,4.8,0.2822,0.0,0.1975
Gosford,10,388,3,FLYING WINGLESS,-20.1955,5.0,-27.3463,-18.7755,-27.35|-23.27|-18.78|-16.6|-14.98,0,5,0.0,66787,1.5,0.2782,0.0,0.1947
Mandurah,6,488,5,FLAME ON,-23.6696,5.0,-19.4368,-19.4368,-19.44|-25.29|-20.93|-22.45|-30.24,1,5,20.0,3W876,3.8,0.1913,0.2,0.1939
Angle Park,7,342,1,KAISON'S CURSE,-21.334,5.0,-22.4093,-17.9265,-22.41|-17.93|-22.42|-24.62|-19.29,0,5,0.0,66356,4.4,0.2497,0.0,0.1748
Mandurah,6,488,1,SNAPPY SNACKER,-21.5413,5.0,-23.5493,-17.6096,-23.55|-17.61|-25.85|-20.71|-19.98,0,5,0.0,36654,3.9,0.2446,0.0,0.1712
Mandurah,6,488,7,UNJUST,-22.6656,5.0,-23.9778,-20.2939,-23.98|-22.47|-20.29|-32.15|-14.44,0,5,0.0,47452,3.2,0.2164,0.0,0.1515
Angle Park,1,342,7,SILENT COMEDY,-25.7976,5.0,-22.1235,-22.1235,-22.12|-24.42|-28.35|-27.02|-27.07,0,5,0.0,54644,4.8,0.1381,0.0,0.0967
Mandurah,3,400,5,FRECKLES MONELLI,-31.3205,5.0,-19.6613,-12.7216,-19.66|-12.72|-80.55|-33.83|-9.84,0,5,0.0,23872,4.4,0.0,0.0,0.0
Angle Park,1,342,5,SEBON EMBER,,,,,,0,4,0.0,2556,2.76,,0.0,
Bulli,1,340,4,DARK CINNAMON,,,,,,0,3,0.0,684,2.46,,0.0,
Bulli,2,400,1,TIGER SPOON,,,,,,0,0,0.0,,3.0,,0.0,
Bulli,2,400,8,RITZA LAW,,,,,,0,0,0.0,,2.02,,0.0,
Gosford,1,388,1,DESPICABLE THIEF,,,,,,0,4,0.0,2874,4.2,,0.0,
Gosford,1,388,3,WALTER WANTED,,,,,,0,1,0.0,3,1.5,,0.0,
Gosford,1,388,7,HOOKED ON HOPE,,,,,,0,2,0.0,26,3.1,,0.0,
Gosford,11,388,3,NATISA'S SECRET,,,,,,1,4,25.0,54W3,3.9,,0.25,
Gosford,12,388,5,FEDERAL FELIX,,,,,,1,2,50.0,W8,1.58,,0.5,
Mandurah,1,300,1,PATCH OF BLUE,,,,,,0,0,0.0,,2.42,,0.0,
Mandurah,2,400,2,TERRA FIRMA,,,,,,1,2,50.0,W2,2.32,,0.5,
Mandurah,2,400,7,MAD DASH CLINE,,,,,,1,2,50.0,5W,4.6,,0.5,
Q1 Lakeside,1,457,3,OLIVER STUBBY,,,,,,0,4,0.0,6357,1.58,,0.0,
Townsville,1,380,6,MIZUKI FLASH,,,,,,2,4,50.0,2WW5,4.9,,0.5,
Townsville,2,380,2,GOLD ALASKA,,,,,,3,3,100.0,WWW,3.45,,1.0,
Townsville,2,380,7,PICKIN' PIXIES,,,,,,1,4,25.0,W438,4.4,,0.25,
Warragul,1,460,1,DARNUM DOTTY,,,,,,0,1,0.0,6,5.0,,0.0,
Warragul,1,460,2,MARSHAL LEE ROSE,,,,,,0,1,0.0,5,3.3,,0.0,
Warragul,1,460,3,VELVET LASS,,,,,,0,2,0.0,83,5.0,,0.0,
Warragul,1,460,6,JUST IMAGINE,,,,,,0,2,0.0,23,3.3,,0.0,
Warragul,2,460,4,REGAL KADE,,,,,,1,1,100.0,W,2.26,,1.0,
